instStructName_s,count
Centre National de la Recherche Scientifique,282
Université Paris 1 Panthéon-Sorbonne,224
École normale supérieure - Paris,67
École des hautes études en sciences sociales,66
"Institut National de Recherche pour l’Agriculture, l’Alimentation et l’Environnement",58
École des Ponts ParisTech,57
Université Paris Dauphine-PSL,15
Institut de Recherche pour le Développement,8
Université Tsinghua de Beijing,8
Université Paris-Saclay,8
AgroParisTech,7
Centre d'analyse stratégique,6
École Centrale de Marseille,5
Université Tianjin de Nankai,5
IPAG Business School,5
Aix Marseille Université,5
Université Paris-Est Créteil Val-de-Marne - Paris 12,4
London School of Economics and Political Science,4
Centre de Coopération Internationale en Recherche Agronomique pour le Développement,4
Vrije Universiteit Amsterdam [Amsterdam],4
Université Gustave Eiffel,4
Université Savoie Mont Blanc,3
Université Paris Cité,3
Université de Strasbourg,3
Université d'Évry-Val-d'Essonne,3
University of Wyoming,3
Université de Lorraine,3
École polytechnique,3
Paris School of Business,3
Banque de France,3
Potsdam Institute for Climate Impact Research,3
CEPR,3
Conservatoire National des Arts et Métiers [CNAM],3
Princeton University,3
University of Texas at Austin [Austin],3
CY Cergy Paris Université,3
Université Lumière - Lyon 2,2
United Arab Emirates University,2
University of Cambridge [UK],2
University of Kansas [Lawrence],2
Université Panthéon-Assas,2
University of Kent [Canterbury],2
International Institute for Applied Systems Analysis [Laxenburg],2
Université Paris 8 Vincennes-Saint-Denis,2
Université Jean Monnet [Saint-Étienne],2
Organisation de Coopération et de Développement Economiques = Organisation for Economic Co-operation and Development,2
University of Oklahoma,2
University of Southampton,2
Université Claude Bernard Lyon 1,2
Université Catholique de Louvain = Catholic University of Louvain,2
University of Warwick [Coventry],2
Pennsylvania State University,2
ONERA,2
University of Luxembourg [Luxembourg],2
Université Paris Nanterre,2
Institut National de la Recherche Agronomique,2
Fondation pour les Etudes et Recherches sur le Développement International,2
"Centre d'Etudes et d'Expertise sur les Risques, l'Environnement, la Mobilité et l'Aménagement",2
"Emory University [Atlanta, GA]",2
Université de Lille,2
European Commission - Joint Research Centre [Seville],2
Yale-NUS College,2
École normale supérieure - Lyon,2
"University of Ca’ Foscari [Venice, Italy]",1
University of East Anglia [Norwich],1
École de Management de Normandie,1
École Nationale Supérieure de Techniques Avancées,1
Université du Québec à Montréal = University of Québec in Montréal,1
Wuhan University of Technology,1
University of New South Wales [Sydney],1
University of California [Berkeley],1
University of Alaska [Anchorage],1
Wroclaw University of Science and Technology,1
Wirtschaftsuniversität Wien [Austria],1
Waseda University,1
University of Toronto at Scarborough,1
University of Vienna [Vienna],1
"Université des Sciences, des Techniques et des Technologies de Bamako",1
Université du Luxembourg,1
Université de Bordeaux,1
Universita degli studi di Genova,1
Université Nice Sophia Antipolis (1965 - 2019),1
Université Paul-Valéry - Montpellier 3,1
Université Quisqueya,1
Université Saint-Louis - Bruxelles,1
Université d'Artois,1
Universität Bielefeld = Bielefeld University,1
Université Paris Diderot - Paris 7,1
Università Ca’ Foscari,1
University of the West of England [Bristol],1
University of Virginia [Charlottesville],1
Université de Montpellier,1
Université de Perpignan Via Domitia,1
Université de Versailles Saint-Quentin-en-Yvelines,1
Universite d'État d'Haïti,1
Agence française de développement,1
Universidade Federal de Minas Gerais,1
European University Institute,1
"ESSCA School of Management (UER Economics, Law & Society),",1
Ecole Nationale Supérieure d'Informatique pour l'Industrie et l'Entreprise,1
Ecole Normale Supérieure  Paris-Saclay,1
Eidgenössische Technische Hochschule - Swiss Federal Institute of Technology  [Zürich],1
Erasmus University Rotterdam,1
Essec Business School,1
"Faculty of Human Sciences, Waseda University",1
Hôpital Paul Brousse,1
Forschungsinstitut zur Zukunft der Arbeit - Institute of Labor Economics,1
Global Climate Forum e.V.,1
Harvard School of Public Health,1
Harvard University [Cambridge],1
Higher School of Economics - St Petersburg,1
Hitotsubashi University,1
ENSIIE,1
EDF,1
"Department of Experimental Psychology, University of Oxford, Oxford, UK",1
Collège de France,1
"College of Business and Economics, Accounting Department (United Arab Emirates University)",1
Centre d'études prospectives et d'informations internationales,1
Center for Advanced Studies in Economics and Data Science [Vietnam],1
Carnegie Mellon University [Pittsburgh],1
Cardiff University,1
CESifo Group Munich,1
Burgundy School of Business (BSB) - Ecole Supérieure de Commerce de Dijon Bourgogne (ESC),1
Bruitparif,1
Baskent University,1
Austrian Federal Chamber of Labour,1
Audencia Business School,1
Atilim University,1
Allianz Benelux,1
Humboldt-Universität zu Berlin,1
IAE Paris - Sorbonne Business School,1
Universidad del Desarrollo,1
Stony Brook University [SUNY],1
"Research Center for Health Policy and Economics, Hitotsubashi University  [Tokyo]",1
Rutgers School of Public Health,1
Rutgers University [Newark],1
Saarland University [Saarbrücken],1
Sciences Po,1
Sciences Po Grenoble - Institut d'études politiques de Grenoble,1
Technische Universität Berlin,1
Imperial College London,1
Tel Aviv University [Tel Aviv],1
The National Bureau of Economic Research,1
Tianjin University,1
Tinbergen Institute,1
Toulouse Business School,1
US Agency for International Development [Kinshasa],1
Northwestern University [Evanston],1
"National Agency for Universal Health Financial Protection, Dakar, Senegal",1
Nanayang Technological University,1
"Ministère du Travail, de l'Emploi et de la Santé",1
"Ministère de l'Education nationale, de l’Enseignement supérieur et de la Recherche",1
Max-Planck Institute for Social Law and Social Policy,1
Luxembourg Institute of Socio-Economic Research,1
Ludwig-Maximilians-Universität München,1
London School of Hygiene and Tropical Medicine,1
Lingnan Normal University,1
Kiel University,1
Institute of Mathematics and Applied Science,1
Institut national de la statistique et des études économiques (INSEE),1
Institut de recherches économiques et sociales,1
Institut National de la Santé et de la Recherche Médicale,1
Indian Institute of Technology Madras,1
Independent Researcher,1
"Save the Children, Bamako, Mali",1
