instStructName_s,count
Others (144),201
École normale supérieure - Paris,67
École des hautes études en sciences sociales,66
"Institut National de Recherche pour l’Agriculture, l’Alimentation et l’Environnement",58
École des Ponts ParisTech,57
Université Paris Dauphine-PSL,15
Institut de Recherche pour le Développement,8
Université Tsinghua de Beijing,8
Université Paris-Saclay,8
AgroParisTech,7
Centre d'analyse stratégique,6
Aix Marseille Université,5
Université Tianjin de Nankai,5
IPAG Business School,5
École Centrale de Marseille,5
Université Paris-Est Créteil Val-de-Marne - Paris 12,4
London School of Economics and Political Science,4
Centre de Coopération Internationale en Recherche Agronomique pour le Développement,4
Vrije Universiteit Amsterdam [Amsterdam],4
Université Gustave Eiffel,4
