uri_s,attached_files_count
https://halshs.archives-ouvertes.fr/halshs-03330242,0
https://hal-amu.archives-ouvertes.fr/hal-03620348,0
https://hal-sciencespo.archives-ouvertes.fr/hal-03621346,1
https://hal.archives-ouvertes.fr/hal-03233310,0
https://hal.archives-ouvertes.fr/hal-03131121,0
https://hal.archives-ouvertes.fr/hal-03483584,1
https://hal.archives-ouvertes.fr/hal-02877569v4,1
https://hal.archives-ouvertes.fr/hal-03452756,0
https://hal.archives-ouvertes.fr/hal-03503929,0
https://hal.archives-ouvertes.fr/hal-03503937,0
https://hal.archives-ouvertes.fr/hal-03184996,0
https://hal.archives-ouvertes.fr/hal-02367200v3,1
https://hal.archives-ouvertes.fr/hal-03774313,0
https://hal.archives-ouvertes.fr/hal-03594185,0
https://hal.archives-ouvertes.fr/hal-03330856,1
https://hal.archives-ouvertes.fr/hal-03512709,0
https://hal.archives-ouvertes.fr/hal-02866885,0
https://halshs.archives-ouvertes.fr/halshs-03207519,0
https://hal.archives-ouvertes.fr/hal-03436070,1
https://hal.archives-ouvertes.fr/hal-03537459,1
https://hal.archives-ouvertes.fr/hal-03616701,0
https://hal.archives-ouvertes.fr/hal-03154973,0
https://hal-paris1.archives-ouvertes.fr/hal-03346183,0
https://hal.archives-ouvertes.fr/hal-03563327,1
https://hal.archives-ouvertes.fr/hal-03490594,1
https://hal.archives-ouvertes.fr/hal-03490615,0
https://hal.archives-ouvertes.fr/hal-03185526,1
https://hal.archives-ouvertes.fr/hal-03493958,0
https://hal.archives-ouvertes.fr/hal-03268398,0
https://hal.archives-ouvertes.fr/hal-03268525,0
https://hal.archives-ouvertes.fr/hal-03194928,1
https://hal.archives-ouvertes.fr/hal-03647632,0
https://hal.archives-ouvertes.fr/hal-03513560,1
https://hal.archives-ouvertes.fr/hal-03452770,0
https://hal.archives-ouvertes.fr/hal-03680074,0
https://hal.archives-ouvertes.fr/hal-03215411v2,1
https://hal.archives-ouvertes.fr/hal-03747844,1
https://hal.archives-ouvertes.fr/hal-03329211,0
https://hal.archives-ouvertes.fr/hal-03330739,0
https://halshs.archives-ouvertes.fr/halshs-03472910,1
https://halshs.archives-ouvertes.fr/halshs-03214607,1
https://hal-paris1.archives-ouvertes.fr/hal-03526647,0
https://hal.archives-ouvertes.fr/hal-03051879,1
https://hal.archives-ouvertes.fr/hal-02732888,0
https://hal.archives-ouvertes.fr/hal-03353701,0
https://halshs.archives-ouvertes.fr/halshs-01441070v3,1
https://halshs.archives-ouvertes.fr/halshs-03165772,1
https://hal.archives-ouvertes.fr/hal-03281809,0
https://hal.archives-ouvertes.fr/hal-03233309,0
https://halshs.archives-ouvertes.fr/halshs-03312820,0
https://hal.archives-ouvertes.fr/hal-03221433,1
https://halshs.archives-ouvertes.fr/halshs-03454854,1
https://hal.archives-ouvertes.fr/hal-03211401,0
https://hal.archives-ouvertes.fr/hal-03222218,0
https://hal.archives-ouvertes.fr/hal-03503942,0
https://hal.archives-ouvertes.fr/hal-03503979,0
https://hal.archives-ouvertes.fr/hal-03503927,0
https://halshs.archives-ouvertes.fr/halshs-03277342,1
https://halshs.archives-ouvertes.fr/halshs-03443155,0
https://hal.archives-ouvertes.fr/hal-02279033v3,1
https://halshs.archives-ouvertes.fr/halshs-03231532,0
https://halshs.archives-ouvertes.fr/halshs-03197372,1
https://hal-paris1.archives-ouvertes.fr/hal-03102543,0
https://hal.archives-ouvertes.fr/hal-03029555,0
https://hal.archives-ouvertes.fr/hal-03211410,0
https://hal.archives-ouvertes.fr/hal-03722945,1
https://hal-paris1.archives-ouvertes.fr/hal-03235519,0
https://hal.archives-ouvertes.fr/hal-03616218,0
https://hal.archives-ouvertes.fr/hal-03490588,1
https://hal.archives-ouvertes.fr/hal-03511874,1
https://hal.archives-ouvertes.fr/hal-03680071,0
https://hal.archives-ouvertes.fr/hal-03205154,0
https://hal.archives-ouvertes.fr/hal-03603586,1
https://halshs.archives-ouvertes.fr/halshs-03523222,0
https://hal.archives-ouvertes.fr/hal-03770884,1
https://hal.archives-ouvertes.fr/hal-02412741v2,1
https://hal.archives-ouvertes.fr/hal-03153475,1
https://halshs.archives-ouvertes.fr/halshs-03688785,1
https://hal.archives-ouvertes.fr/hal-03448538,0
https://hal.archives-ouvertes.fr/hal-03722920,1
https://hal.archives-ouvertes.fr/hal-02919936,0
https://hal.archives-ouvertes.fr/hal-03474032,1
https://hal.archives-ouvertes.fr/hal-03659322,0
https://hal.archives-ouvertes.fr/hal-03768810,0
https://hal.archives-ouvertes.fr/hal-03218410,0
https://halshs.archives-ouvertes.fr/halshs-02973332,0
https://halshs.archives-ouvertes.fr/halshs-03048602,1
https://hal.archives-ouvertes.fr/hal-03503981,0
https://hal.archives-ouvertes.fr/hal-03503985,0
https://hal.archives-ouvertes.fr/hal-03199108,0
https://halshs.archives-ouvertes.fr/halshs-03744741,0
https://halshs.archives-ouvertes.fr/halshs-03380677,1
https://hal-paris1.archives-ouvertes.fr/hal-03261452,0
https://hal.archives-ouvertes.fr/hal-03384746,1
https://hal.archives-ouvertes.fr/hal-03206929,0
https://hal.archives-ouvertes.fr/hal-03608240,0
https://hal.archives-ouvertes.fr/hal-03211405,0
https://hal-cnrs.archives-ouvertes.fr/hal-03452165,1
https://hal-paris1.archives-ouvertes.fr/hal-03515766,1
https://hal.archives-ouvertes.fr/hal-03515787,0
https://hal.archives-ouvertes.fr/hal-03389540,0
https://hal.archives-ouvertes.fr/hal-03264893,0
https://halshs.archives-ouvertes.fr/halshs-03547789,0
https://hal.archives-ouvertes.fr/hal-03324533,1
https://hal.archives-ouvertes.fr/hal-03722936,0
https://hal.archives-ouvertes.fr/hal-03329206,0
https://hal.archives-ouvertes.fr/hal-03770761,0
https://hal.archives-ouvertes.fr/hal-03647625,0
https://hal.archives-ouvertes.fr/hal-03355464,0
https://hal.archives-ouvertes.fr/hal-03712450,1
https://hal.archives-ouvertes.fr/hal-02920560,0
https://hal.archives-ouvertes.fr/hal-03252585,0
https://halshs.archives-ouvertes.fr/halshs-03099741,0
https://halshs.archives-ouvertes.fr/halshs-03277339,1
https://halshs.archives-ouvertes.fr/halshs-03523343,1
https://halshs.archives-ouvertes.fr/halshs-03282198,1
https://hal-paris1.archives-ouvertes.fr/hal-03526650,0
https://hal.archives-ouvertes.fr/hal-03184961,1
https://hal.archives-ouvertes.fr/hal-03355063,0
https://halshs.archives-ouvertes.fr/halshs-03462781,1
https://hal.archives-ouvertes.fr/hal-03153465,1
https://hal.archives-ouvertes.fr/hal-03205158,1
https://hal.archives-ouvertes.fr/hal-03664502,0
https://halshs.archives-ouvertes.fr/halshs-03666626,1
https://hal.archives-ouvertes.fr/hal-03512676,0
https://hal.archives-ouvertes.fr/hal-03202524,1
https://hal.archives-ouvertes.fr/hal-02948760,1
https://hal.archives-ouvertes.fr/hal-03767916,1
https://hal.archives-ouvertes.fr/hal-03226589,1
https://hal.archives-ouvertes.fr/hal-03503989,0
https://hal.archives-ouvertes.fr/hal-03503945,0
https://hal.archives-ouvertes.fr/hal-03503955,0
https://hal-paris1.archives-ouvertes.fr/hal-03526664,0
https://hal.archives-ouvertes.fr/hal-03131518,1
https://hal.archives-ouvertes.fr/hal-03329203,1
https://halshs.archives-ouvertes.fr/halshs-03335611,0
https://hal.archives-ouvertes.fr/hal-03252557,0
https://hal.archives-ouvertes.fr/hal-03624729,1
https://hal.inrae.fr/hal-03403887,0
https://halshs.archives-ouvertes.fr/halshs-03165773,1
https://halshs.archives-ouvertes.fr/halshs-03507995,1
https://hal.archives-ouvertes.fr/hal-03581013,1
https://hal.archives-ouvertes.fr/hal-03525445,1
https://hal.archives-ouvertes.fr/hal-03605454,0
https://hal.archives-ouvertes.fr/hal-03185523,0
https://hal.archives-ouvertes.fr/hal-03355778,0
https://halshs.archives-ouvertes.fr/halshs-03359290,1
https://halshs.archives-ouvertes.fr/halshs-03389630,1
https://halshs.archives-ouvertes.fr/halshs-03615028,1
https://halshs.archives-ouvertes.fr/halshs-03641124,0
https://hal.archives-ouvertes.fr/hal-03329190,0
