anrProjectAcronym_s,anrProjectReference_s,count
PGSE,ANR-17-EURE-0001,15
AMSE (EUR),ANR-17-EURE-0020,4
CHOp,ANR-17-CE26-0003,4
Amidex,ANR-11-IDEX-0001,3
VICONTE,ANR-18-CE28-0015,3
ColAForm,ANR-16-FRAL-0010,3
FAIR-CLIMPOP,ANR-16-CE03-0001,3
FrontCog,ANR-17-EURE-0017,3
ImpactMeta,ANR-16-CE28-0002,3
OSE,ANR-10-LABX-0093,3
MetaStress,ANR-16-ASTR-0014,2
Université de Paris,ANR-18-IDEX-0001,2
Visual Confidence,ANR-10-BLAN-1910,2
LIEPP,ANR-10-LABX-0091,2
MME-DII,ANR-11-LABX-0023,1
MOQAT,ANR-18-CE26-0011,1
ARFT,ANR-16-CE26-0001,1
IDGM+,ANR-10-LABX-0014,1
RISKEMOTION,ANR-08-RISK-0007,1
DynaMITE,ANR-13-BSH1-0010,1
CASD,ANR-10-EQPX-0017,1
LABEX FCD,ANR-11-LABX-0019,1
