uri_s,funding_s
https://hal-amu.archives-ouvertes.fr/hal-03620348,"Soldaterlegatet with financial support from Tryg [grant ID119562], Lundbeck, Novo Nordisk, and Aase and Ejnar Danielsen’s funds"
https://hal.archives-ouvertes.fr/hal-03185526,This work was supported by Lingnan University to AL[DR18A7 (101097) and SSFRG/18/3/1 (102171)] and the FrenchAgence Nationale de la Recherche [ANR-10-BLAN-1910 to PM;ANR-16-CE28-0002 to VdG; ANR-17-EURE-0017 to PM; ANR-18-CE28-0015 to PM & VdG].
https://hal.archives-ouvertes.fr/hal-03194928,"The research was supported by the French National Research Agency through three grants (ANR-17-CE26-0003, ANR-16-FRAL-0010 and ANR-17-EURE-0001)."
https://hal.archives-ouvertes.fr/hal-03329211,"This work was supported by grants ANR-10-BLAN-1910“Visual Confi-dence”to Pascal Mamassian, and ANR-18-CE28-0015“VICONTE”toPascal Mamassian and Vincent de Gardelle. Supplementary support camefrom ANR-17-EURE-0017."
https://halshs.archives-ouvertes.fr/halshs-03165772,Antoine Mandel acknowledges support from ITN ExSIDE European Union’s Horizon 2020 research and innovation programme under the Marie Sklodowska-Curie Grant Agreement No. 721846.
https://halshs.archives-ouvertes.fr/halshs-03454854,Riksbankens Jubileumsfond (the Swedish Foundation for Humanities and Social Sciences)
https://halshs.archives-ouvertes.fr/halshs-03277342,"This work was supported by the French National Research Agency Grants ANR-17-EURE-001 and ANR-17-EURE-0020, and by the Excellence Initiative of Aix-Marseille University - A*MIDEX."
https://hal.archives-ouvertes.fr/hal-02279033v3,"The work of Eduardo Abi Jaber was supported by grants from Région Île-de-France. Christa Cuchiero gratefully acknowledges financial support by the Vienna Science and Technology Fund (WWTF) under grant MA16-021 and the Austrian Science Fund (FWF) under grant  Y1235 of the START-program. The research of Sergio Pulido benefited from the support of the Chair Markets in Transition (Fédération Bancaire Française) and the project ANR 11-LABX-0019. Sergio Pulido acknowledges support by the Europlace Institute of Finance (EIF) and the Labex Louis Bachelier, research project: ""The impact of information on financial markets""."
https://halshs.archives-ouvertes.fr/halshs-03231532,The authors acknowledge financial support from UNU-WIDER.
https://hal-paris1.archives-ouvertes.fr/hal-03102543,"G. Giraud: Support from the Energy and Prosperity Chair is gratefully acknowledged. M. Grasselli: Partially supported by a Discovery Grant from the Natural Science and Engineer Research Council of Canada (NSERC) and the Institute for New Economic Thinking (INET) Grant INO13-0 0 011 . Hospitality of the Mathematical Institute, University of Oxford, and INET at Oxford Martin School, where this work was completed, is also gratefully acknowledged."
https://hal-paris1.archives-ouvertes.fr/hal-03235519,We also thank the Belgian French-speaking Community (Convention ARC 09/14-019 on “Geographical mobility of factors”) for financial support.
https://halshs.archives-ouvertes.fr/halshs-02973332,This research is supported by a public grant overseen by the French National Research Agency (ANR) as part of the ”Investissements d’avenir” program (ANR-10-EQPX-17 CASD). We also acknowledge financial support from the iCODE institute and from the ANR agency under the program ANR-16-CE26-0001-01.
https://hal-paris1.archives-ouvertes.fr/hal-03261452,"This work was supported by Economic and Social Research Council: [Grant Number ES/P008976/1]; H2020 European Research Council: [Grant Number 670103]; French National Research Agency [Grant Numbers ANR-17-CE26-0003, ANR-16-FRAL-0010 and ANR-17-EURE-0001]."
https://hal.archives-ouvertes.fr/hal-03608240,This research has been conducted as part of the project Labex MMEDII (ANR 11-LABX-0033-01).
https://hal.archives-ouvertes.fr/hal-03389540,Open Access funding enabled and organized by Projekt DEAL.
https://hal.archives-ouvertes.fr/hal-03329206,"This research was supported by the Agence Nationale de la Recherche (ANR-16-CE28-0002 and ANR-16-ASTR-0014 to VdG, ANR-17-EURE-0017 and ANR-18-CE28-0015 to PM) and by ENS-PSL University (doctoral scholarship to SR)."
https://hal.archives-ouvertes.fr/hal-03252585,"Bastien Baldacci gratefully acknowledges the support of the ERC Grant 679836 Staqamof. Olivier Guéant thanks the Research Initiative “Modélisation des marchés actions, obligations et dérivés” financed by HSBC France under the aegis of the Europlace Institute of Finance for their support regarding an early version of the paper (entitled “Algorithmic market making: the case of equity derivatives”)."
https://halshs.archives-ouvertes.fr/halshs-03277339,Conseil Régional de Lorraine
https://halshs.archives-ouvertes.fr/halshs-03277339,Tax Administration Research Centre
https://halshs.archives-ouvertes.fr/halshs-03666626,Attractivity grant (University of Strasbourg)
https://halshs.archives-ouvertes.fr/halshs-03666626,Chair “Économie Publique et Développement Durable” (Aix-Marseille University)
https://hal.archives-ouvertes.fr/hal-02948760,This project has received funding from the European Research Council (ERC) under the European Union’s Horizon 2020 research and innovation programme (grant agreement No 803122)
https://hal.archives-ouvertes.fr/hal-03329203,"This project was funded withthe support of Health Chair, a joint initiativeby PSL, Université Paris-Dauphine, ENSAE, MGEN and ISTYA under the aegis of the Fondation du Risque(FDR)."
https://halshs.archives-ouvertes.fr/halshs-03165773,"Mandel acknowledges the support of the EU H2020 programme through grant agreements ITN EXSIDE 721846, ITN EPOC 956107, and TIPPING+ 884565."
https://halshs.archives-ouvertes.fr/halshs-03507995,All three authors acknowledge support from the Basic Research Program of the National Research University Higher School of Economics. Sandomirskiy was partially supported by the Russian Foundation for Basic Research [Grant 19-01-00762] and the European Research Council under the European Union’s Horizon 2020 research and innovation program [Grant 740435].
https://halshs.archives-ouvertes.fr/halshs-03641124,This study was funded by the Japan Society for the Promotion of Science (KAKENHI Grant Number 18H03634).
