uri_s,anrProjectAcronym_s,anrProjectReference_s
https://hal-amu.archives-ouvertes.fr/hal-03620348,RISKEMOTION,ANR-08-RISK-0007
https://hal-amu.archives-ouvertes.fr/hal-03620348,AMSE (EUR),ANR-17-EURE-0020
https://hal-amu.archives-ouvertes.fr/hal-03620348,Amidex,ANR-11-IDEX-0001
https://hal-sciencespo.archives-ouvertes.fr/hal-03621346,LIEPP,ANR-10-LABX-0091
https://hal-sciencespo.archives-ouvertes.fr/hal-03621346,Université de Paris,ANR-18-IDEX-0001
https://hal.archives-ouvertes.fr/hal-03184996,ImpactMeta,ANR-16-CE28-0002
https://hal.archives-ouvertes.fr/hal-03184996,MetaStress,ANR-16-ASTR-0014
https://hal.archives-ouvertes.fr/hal-03185526,Visual Confidence,ANR-10-BLAN-1910
https://hal.archives-ouvertes.fr/hal-03185526,ImpactMeta,ANR-16-CE28-0002
https://hal.archives-ouvertes.fr/hal-03185526,FrontCog,ANR-17-EURE-0017
https://hal.archives-ouvertes.fr/hal-03185526,VICONTE,ANR-18-CE28-0015
https://hal.archives-ouvertes.fr/hal-03268398,AMSE (EUR),ANR-17-EURE-0020
https://hal.archives-ouvertes.fr/hal-03194928,CHOp,ANR-17-CE26-0003
https://hal.archives-ouvertes.fr/hal-03194928,ColAForm,ANR-16-FRAL-0010
https://hal.archives-ouvertes.fr/hal-03194928,PGSE,ANR-17-EURE-0001
https://hal.archives-ouvertes.fr/hal-03513560,DynaMITE,ANR-13-BSH1-0010
https://hal.archives-ouvertes.fr/hal-03513560,OSE,ANR-10-LABX-0093
https://hal.archives-ouvertes.fr/hal-03329211,Visual Confidence,ANR-10-BLAN-1910
https://hal.archives-ouvertes.fr/hal-03329211,VICONTE,ANR-18-CE28-0015
https://hal.archives-ouvertes.fr/hal-03329211,FrontCog,ANR-17-EURE-0017
https://hal.archives-ouvertes.fr/hal-03330739,PGSE,ANR-17-EURE-0001
https://halshs.archives-ouvertes.fr/halshs-01441070v3,FAIR-CLIMPOP,ANR-16-CE03-0001
https://halshs.archives-ouvertes.fr/halshs-01441070v3,PGSE,ANR-17-EURE-0001
https://halshs.archives-ouvertes.fr/halshs-03454854,FAIR-CLIMPOP,ANR-16-CE03-0001
https://halshs.archives-ouvertes.fr/halshs-03454854,CHOp,ANR-17-CE26-0003
https://halshs.archives-ouvertes.fr/halshs-03454854,PGSE,ANR-17-EURE-0001
https://halshs.archives-ouvertes.fr/halshs-03277342,PGSE,ANR-17-EURE-0001
https://halshs.archives-ouvertes.fr/halshs-03277342,AMSE (EUR),ANR-17-EURE-0020
https://halshs.archives-ouvertes.fr/halshs-03277342,Amidex,ANR-11-IDEX-0001
https://hal.archives-ouvertes.fr/hal-02279033v3,LABEX FCD,ANR-11-LABX-0019
https://halshs.archives-ouvertes.fr/halshs-03197372,PGSE,ANR-17-EURE-0001
https://hal.archives-ouvertes.fr/hal-03616218,PGSE,ANR-17-EURE-0001
https://halshs.archives-ouvertes.fr/halshs-03523222,PGSE,ANR-17-EURE-0001
https://halshs.archives-ouvertes.fr/halshs-02973332,CASD,ANR-10-EQPX-0017
https://halshs.archives-ouvertes.fr/halshs-02973332,ARFT,ANR-16-CE26-0001
https://halshs.archives-ouvertes.fr/halshs-02973332,PGSE,ANR-17-EURE-0001
https://halshs.archives-ouvertes.fr/halshs-03048602,FAIR-CLIMPOP,ANR-16-CE03-0001
https://halshs.archives-ouvertes.fr/halshs-03048602,PGSE,ANR-17-EURE-0001
https://hal-paris1.archives-ouvertes.fr/hal-03261452,CHOp,ANR-17-CE26-0003
https://hal-paris1.archives-ouvertes.fr/hal-03261452,ColAForm,ANR-16-FRAL-0010
https://hal-paris1.archives-ouvertes.fr/hal-03261452,PGSE,ANR-17-EURE-0001
https://hal.archives-ouvertes.fr/hal-03384746,LIEPP,ANR-10-LABX-0091
https://hal.archives-ouvertes.fr/hal-03384746,Université de Paris,ANR-18-IDEX-0001
https://hal.archives-ouvertes.fr/hal-03608240,MME-DII,ANR-11-LABX-0023
https://hal.archives-ouvertes.fr/hal-03324533,IDGM+,ANR-10-LABX-0014
https://hal.archives-ouvertes.fr/hal-03329206,ImpactMeta,ANR-16-CE28-0002
https://hal.archives-ouvertes.fr/hal-03329206,MetaStress,ANR-16-ASTR-0014
https://hal.archives-ouvertes.fr/hal-03329206,FrontCog,ANR-17-EURE-0017
https://hal.archives-ouvertes.fr/hal-03329206,VICONTE,ANR-18-CE28-0015
https://halshs.archives-ouvertes.fr/halshs-03277339,OSE,ANR-10-LABX-0093
https://halshs.archives-ouvertes.fr/halshs-03277339,PGSE,ANR-17-EURE-0001
https://halshs.archives-ouvertes.fr/halshs-03282198,PGSE,ANR-17-EURE-0001
https://halshs.archives-ouvertes.fr/halshs-03666626,PGSE,ANR-17-EURE-0001
https://halshs.archives-ouvertes.fr/halshs-03666626,OSE,ANR-10-LABX-0093
https://halshs.archives-ouvertes.fr/halshs-03666626,AMSE (EUR),ANR-17-EURE-0020
https://halshs.archives-ouvertes.fr/halshs-03666626,Amidex,ANR-11-IDEX-0001
https://hal.inrae.fr/hal-03403887,MOQAT,ANR-18-CE26-0011
https://halshs.archives-ouvertes.fr/halshs-03615028,CHOp,ANR-17-CE26-0003
https://halshs.archives-ouvertes.fr/halshs-03615028,ColAForm,ANR-16-FRAL-0010
https://halshs.archives-ouvertes.fr/halshs-03615028,PGSE,ANR-17-EURE-0001
