uri_s,count
https://halshs.archives-ouvertes.fr/halshs-03330242,0
https://hal-amu.archives-ouvertes.fr/hal-03620348,3
https://hal-sciencespo.archives-ouvertes.fr/hal-03621346,2
https://hal.archives-ouvertes.fr/hal-03233310,0
https://hal.archives-ouvertes.fr/hal-03131121,0
https://hal.archives-ouvertes.fr/hal-03483584,0
https://hal.archives-ouvertes.fr/hal-02877569v4,0
https://hal.archives-ouvertes.fr/hal-03452756,0
https://hal.archives-ouvertes.fr/hal-03503929,0
https://hal.archives-ouvertes.fr/hal-03503937,0
https://hal.archives-ouvertes.fr/hal-03184996,2
https://hal.archives-ouvertes.fr/hal-02367200v3,0
https://hal.archives-ouvertes.fr/hal-03774313,0
https://hal.archives-ouvertes.fr/hal-03594185,0
https://hal.archives-ouvertes.fr/hal-03330856,0
https://hal.archives-ouvertes.fr/hal-03512709,0
https://hal.archives-ouvertes.fr/hal-02866885,0
https://halshs.archives-ouvertes.fr/halshs-03207519,0
https://hal.archives-ouvertes.fr/hal-03436070,0
https://hal.archives-ouvertes.fr/hal-03537459,0
https://hal.archives-ouvertes.fr/hal-03616701,0
https://hal.archives-ouvertes.fr/hal-03154973,0
https://hal-paris1.archives-ouvertes.fr/hal-03346183,0
https://hal.archives-ouvertes.fr/hal-03563327,0
https://hal.archives-ouvertes.fr/hal-03490594,0
https://hal.archives-ouvertes.fr/hal-03490615,0
https://hal.archives-ouvertes.fr/hal-03185526,4
https://hal.archives-ouvertes.fr/hal-03493958,0
https://hal.archives-ouvertes.fr/hal-03268398,1
https://hal.archives-ouvertes.fr/hal-03268525,0
https://hal.archives-ouvertes.fr/hal-03194928,3
https://hal.archives-ouvertes.fr/hal-03647632,0
https://hal.archives-ouvertes.fr/hal-03513560,2
https://hal.archives-ouvertes.fr/hal-03452770,0
https://hal.archives-ouvertes.fr/hal-03680074,0
https://hal.archives-ouvertes.fr/hal-03215411v2,0
https://hal.archives-ouvertes.fr/hal-03747844,0
https://hal.archives-ouvertes.fr/hal-03329211,3
https://hal.archives-ouvertes.fr/hal-03330739,1
https://halshs.archives-ouvertes.fr/halshs-03472910,0
https://halshs.archives-ouvertes.fr/halshs-03214607,0
https://hal-paris1.archives-ouvertes.fr/hal-03526647,0
https://hal.archives-ouvertes.fr/hal-03051879,0
https://hal.archives-ouvertes.fr/hal-02732888,0
https://hal.archives-ouvertes.fr/hal-03353701,0
https://halshs.archives-ouvertes.fr/halshs-01441070v3,2
https://halshs.archives-ouvertes.fr/halshs-03165772,0
https://hal.archives-ouvertes.fr/hal-03281809,0
https://hal.archives-ouvertes.fr/hal-03233309,0
https://halshs.archives-ouvertes.fr/halshs-03312820,0
https://hal.archives-ouvertes.fr/hal-03221433,0
https://halshs.archives-ouvertes.fr/halshs-03454854,3
https://hal.archives-ouvertes.fr/hal-03211401,0
https://hal.archives-ouvertes.fr/hal-03222218,0
https://hal.archives-ouvertes.fr/hal-03503942,0
https://hal.archives-ouvertes.fr/hal-03503979,0
https://hal.archives-ouvertes.fr/hal-03503927,0
https://halshs.archives-ouvertes.fr/halshs-03277342,3
https://halshs.archives-ouvertes.fr/halshs-03443155,0
https://hal.archives-ouvertes.fr/hal-02279033v3,1
https://halshs.archives-ouvertes.fr/halshs-03231532,0
https://halshs.archives-ouvertes.fr/halshs-03197372,1
https://hal-paris1.archives-ouvertes.fr/hal-03102543,0
https://hal.archives-ouvertes.fr/hal-03029555,0
https://hal.archives-ouvertes.fr/hal-03211410,0
https://hal.archives-ouvertes.fr/hal-03722945,0
https://hal-paris1.archives-ouvertes.fr/hal-03235519,0
https://hal.archives-ouvertes.fr/hal-03616218,1
https://hal.archives-ouvertes.fr/hal-03490588,0
https://hal.archives-ouvertes.fr/hal-03511874,0
https://hal.archives-ouvertes.fr/hal-03680071,0
https://hal.archives-ouvertes.fr/hal-03205154,0
https://hal.archives-ouvertes.fr/hal-03603586,0
https://halshs.archives-ouvertes.fr/halshs-03523222,1
https://hal.archives-ouvertes.fr/hal-03770884,0
https://hal.archives-ouvertes.fr/hal-02412741v2,0
https://hal.archives-ouvertes.fr/hal-03153475,0
https://halshs.archives-ouvertes.fr/halshs-03688785,0
https://hal.archives-ouvertes.fr/hal-03448538,0
https://hal.archives-ouvertes.fr/hal-03722920,0
https://hal.archives-ouvertes.fr/hal-02919936,0
https://hal.archives-ouvertes.fr/hal-03474032,0
https://hal.archives-ouvertes.fr/hal-03659322,0
https://hal.archives-ouvertes.fr/hal-03768810,0
https://hal.archives-ouvertes.fr/hal-03218410,0
https://halshs.archives-ouvertes.fr/halshs-02973332,3
https://halshs.archives-ouvertes.fr/halshs-03048602,2
https://hal.archives-ouvertes.fr/hal-03503981,0
https://hal.archives-ouvertes.fr/hal-03503985,0
https://hal.archives-ouvertes.fr/hal-03199108,0
https://halshs.archives-ouvertes.fr/halshs-03744741,0
https://halshs.archives-ouvertes.fr/halshs-03380677,0
https://hal-paris1.archives-ouvertes.fr/hal-03261452,3
https://hal.archives-ouvertes.fr/hal-03384746,2
https://hal.archives-ouvertes.fr/hal-03206929,0
https://hal.archives-ouvertes.fr/hal-03608240,1
https://hal.archives-ouvertes.fr/hal-03211405,0
https://hal-cnrs.archives-ouvertes.fr/hal-03452165,0
https://hal-paris1.archives-ouvertes.fr/hal-03515766,0
https://hal.archives-ouvertes.fr/hal-03515787,0
https://hal.archives-ouvertes.fr/hal-03389540,0
https://hal.archives-ouvertes.fr/hal-03264893,0
https://halshs.archives-ouvertes.fr/halshs-03547789,0
https://hal.archives-ouvertes.fr/hal-03324533,1
https://hal.archives-ouvertes.fr/hal-03722936,0
https://hal.archives-ouvertes.fr/hal-03329206,4
https://hal.archives-ouvertes.fr/hal-03770761,0
https://hal.archives-ouvertes.fr/hal-03647625,0
https://hal.archives-ouvertes.fr/hal-03355464,0
https://hal.archives-ouvertes.fr/hal-03712450,0
https://hal.archives-ouvertes.fr/hal-02920560,0
https://hal.archives-ouvertes.fr/hal-03252585,0
https://halshs.archives-ouvertes.fr/halshs-03099741,0
https://halshs.archives-ouvertes.fr/halshs-03277339,2
https://halshs.archives-ouvertes.fr/halshs-03523343,0
https://halshs.archives-ouvertes.fr/halshs-03282198,1
https://hal-paris1.archives-ouvertes.fr/hal-03526650,0
https://hal.archives-ouvertes.fr/hal-03184961,0
https://hal.archives-ouvertes.fr/hal-03355063,0
https://halshs.archives-ouvertes.fr/halshs-03462781,0
https://hal.archives-ouvertes.fr/hal-03153465,0
https://hal.archives-ouvertes.fr/hal-03205158,0
https://hal.archives-ouvertes.fr/hal-03664502,0
https://halshs.archives-ouvertes.fr/halshs-03666626,4
https://hal.archives-ouvertes.fr/hal-03512676,0
https://hal.archives-ouvertes.fr/hal-03202524,0
https://hal.archives-ouvertes.fr/hal-02948760,0
https://hal.archives-ouvertes.fr/hal-03767916,0
https://hal.archives-ouvertes.fr/hal-03226589,0
https://hal.archives-ouvertes.fr/hal-03503989,0
https://hal.archives-ouvertes.fr/hal-03503945,0
https://hal.archives-ouvertes.fr/hal-03503955,0
https://hal-paris1.archives-ouvertes.fr/hal-03526664,0
https://hal.archives-ouvertes.fr/hal-03131518,0
https://hal.archives-ouvertes.fr/hal-03329203,0
https://halshs.archives-ouvertes.fr/halshs-03335611,0
https://hal.archives-ouvertes.fr/hal-03252557,0
https://hal.archives-ouvertes.fr/hal-03624729,0
https://hal.inrae.fr/hal-03403887,1
https://halshs.archives-ouvertes.fr/halshs-03165773,0
https://halshs.archives-ouvertes.fr/halshs-03507995,0
https://hal.archives-ouvertes.fr/hal-03581013,0
https://hal.archives-ouvertes.fr/hal-03525445,0
https://hal.archives-ouvertes.fr/hal-03605454,0
https://hal.archives-ouvertes.fr/hal-03185523,0
https://hal.archives-ouvertes.fr/hal-03355778,0
https://halshs.archives-ouvertes.fr/halshs-03359290,0
https://halshs.archives-ouvertes.fr/halshs-03389630,0
https://halshs.archives-ouvertes.fr/halshs-03615028,3
https://halshs.archives-ouvertes.fr/halshs-03641124,0
https://hal.archives-ouvertes.fr/hal-03329190,0
