uri_s,europeanProjectAcronym_s,europeanProjectReference_s
https://halshs.archives-ouvertes.fr/halshs-03165772,ExSIDE,721846
https://hal-paris1.archives-ouvertes.fr/hal-03261452,NormativeEconomics,670103
https://hal.archives-ouvertes.fr/hal-03252585,STAQAMOF,679836
https://hal.archives-ouvertes.fr/hal-02948760,MetAction,803122
https://halshs.archives-ouvertes.fr/halshs-03165773,ExSIDE,721846
https://halshs.archives-ouvertes.fr/halshs-03165773,EPOC,956107
https://halshs.archives-ouvertes.fr/halshs-03165773,TIPPING+,884565
https://halshs.archives-ouvertes.fr/halshs-03507995,ERC-2016-ADG,740435
