uri_s,jel_s
https://halshs.archives-ouvertes.fr/halshs-03330242,
https://hal-amu.archives-ouvertes.fr/hal-03620348,
https://hal-sciencespo.archives-ouvertes.fr/hal-03621346,
https://hal.archives-ouvertes.fr/hal-03233310,
https://hal.archives-ouvertes.fr/hal-03131121,
https://hal.archives-ouvertes.fr/hal-03483584,Q.Q5.Q54
https://hal.archives-ouvertes.fr/hal-03483584,Q.Q5.Q58
https://hal.archives-ouvertes.fr/hal-02877569v4,
https://hal.archives-ouvertes.fr/hal-03452756,O.O3.O31
https://hal.archives-ouvertes.fr/hal-03452756,O.O3.O38
https://hal.archives-ouvertes.fr/hal-03452756,H.H2.H25
https://hal.archives-ouvertes.fr/hal-03503929,
https://hal.archives-ouvertes.fr/hal-03503937,
https://hal.archives-ouvertes.fr/hal-03184996,
https://hal.archives-ouvertes.fr/hal-02367200v3,
https://hal.archives-ouvertes.fr/hal-03774313,B.B2
https://hal.archives-ouvertes.fr/hal-03774313,B.B2.B22
https://hal.archives-ouvertes.fr/hal-03774313,B.B2.B26
https://hal.archives-ouvertes.fr/hal-03594185,
https://hal.archives-ouvertes.fr/hal-03330856,
https://hal.archives-ouvertes.fr/hal-03512709,
https://hal.archives-ouvertes.fr/hal-02866885,C.C6.C61
https://hal.archives-ouvertes.fr/hal-02866885,C.C6.C63
https://hal.archives-ouvertes.fr/hal-02866885,D.D2.D24
https://hal.archives-ouvertes.fr/hal-02866885,D.D4.D41
https://hal.archives-ouvertes.fr/hal-02866885,L.L1.L11
https://halshs.archives-ouvertes.fr/halshs-03207519,E.E1
https://halshs.archives-ouvertes.fr/halshs-03207519,E.E6
https://hal.archives-ouvertes.fr/hal-03436070,O
https://hal.archives-ouvertes.fr/hal-03436070,O.O4
https://hal.archives-ouvertes.fr/hal-03436070,E.E0.E01
https://hal.archives-ouvertes.fr/hal-03436070,F.F0.F01
https://hal.archives-ouvertes.fr/hal-03436070,F.F6.F64
https://hal.archives-ouvertes.fr/hal-03537459,J
https://hal.archives-ouvertes.fr/hal-03616701,
https://hal.archives-ouvertes.fr/hal-03154973,
https://hal-paris1.archives-ouvertes.fr/hal-03346183,F.F3.F32
https://hal-paris1.archives-ouvertes.fr/hal-03346183,D.D6.D63
https://hal.archives-ouvertes.fr/hal-03563327,
https://hal.archives-ouvertes.fr/hal-03490594,
https://hal.archives-ouvertes.fr/hal-03490615,
https://hal.archives-ouvertes.fr/hal-03185526,
https://hal.archives-ouvertes.fr/hal-03493958,
https://hal.archives-ouvertes.fr/hal-03268398,J.J1.J16
https://hal.archives-ouvertes.fr/hal-03268398,J.J2.J21
https://hal.archives-ouvertes.fr/hal-03268398,J.J2.J24
https://hal.archives-ouvertes.fr/hal-03268525,C.C1.C12
https://hal.archives-ouvertes.fr/hal-03268525,C.C7.C72
https://hal.archives-ouvertes.fr/hal-03268525,C.C9.C91
https://hal.archives-ouvertes.fr/hal-03268525,L.L1.L13
https://hal.archives-ouvertes.fr/hal-03194928,D.D7
https://hal.archives-ouvertes.fr/hal-03194928,D.D8
https://hal.archives-ouvertes.fr/hal-03647632,C.C1.C12
https://hal.archives-ouvertes.fr/hal-03647632,K.K2.K21
https://hal.archives-ouvertes.fr/hal-03647632,L.L1.L14
https://hal.archives-ouvertes.fr/hal-03647632,L.L5.L51
https://hal.archives-ouvertes.fr/hal-03513560,
https://hal.archives-ouvertes.fr/hal-03452770,
https://hal.archives-ouvertes.fr/hal-03680074,
https://hal.archives-ouvertes.fr/hal-03215411v2,
https://hal.archives-ouvertes.fr/hal-03747844,C.C9.C91
https://hal.archives-ouvertes.fr/hal-03747844,D.D9.D90
https://hal.archives-ouvertes.fr/hal-03747844,D.D0.D04
https://hal.archives-ouvertes.fr/hal-03329211,
https://hal.archives-ouvertes.fr/hal-03330739,
https://halshs.archives-ouvertes.fr/halshs-03472910,
https://halshs.archives-ouvertes.fr/halshs-03214607,I.I1.I14
https://halshs.archives-ouvertes.fr/halshs-03214607,J.J1
https://hal-paris1.archives-ouvertes.fr/hal-03526647,
https://hal.archives-ouvertes.fr/hal-03051879,H.H6.H61
https://hal.archives-ouvertes.fr/hal-03051879,K.K2.K20
https://hal.archives-ouvertes.fr/hal-03051879,N.N4.N44
https://hal.archives-ouvertes.fr/hal-02732888,
https://hal.archives-ouvertes.fr/hal-03353701,J.J2.J23
https://hal.archives-ouvertes.fr/hal-03353701,J.J4.J41
https://hal.archives-ouvertes.fr/hal-03353701,M.M1.M14
https://hal.archives-ouvertes.fr/hal-03353701,M.M5.M55
https://hal.archives-ouvertes.fr/hal-03353701,R.R1.R12
https://halshs.archives-ouvertes.fr/halshs-01441070v3,D.D6.D63
https://halshs.archives-ouvertes.fr/halshs-01441070v3,D.D8.D81
https://halshs.archives-ouvertes.fr/halshs-03165772,D.D8.D85
https://halshs.archives-ouvertes.fr/halshs-03165772,D.D6.D62
https://halshs.archives-ouvertes.fr/halshs-03165772,I.I1.I18
https://hal.archives-ouvertes.fr/hal-03281809,C.C3.C31
https://hal.archives-ouvertes.fr/hal-03281809,J.J2.J22
https://hal.archives-ouvertes.fr/hal-03281809,D.D1.D12
https://hal.archives-ouvertes.fr/hal-03281809,D.D1.D13
https://hal.archives-ouvertes.fr/hal-03233309,
https://halshs.archives-ouvertes.fr/halshs-03312820,C.C0
https://halshs.archives-ouvertes.fr/halshs-03312820,D.D2
https://halshs.archives-ouvertes.fr/halshs-03312820,O.O1
https://halshs.archives-ouvertes.fr/halshs-03312820,O.O4
https://halshs.archives-ouvertes.fr/halshs-03312820,O.O5
https://hal.archives-ouvertes.fr/hal-03221433,
https://halshs.archives-ouvertes.fr/halshs-03454854,
https://hal.archives-ouvertes.fr/hal-03211401,O.O3.O30
https://hal.archives-ouvertes.fr/hal-03211401,D.D2.D22
https://hal.archives-ouvertes.fr/hal-03211401,O.O1.O12
https://hal.archives-ouvertes.fr/hal-03211401,F.F1.F16
https://hal.archives-ouvertes.fr/hal-03211401,O.O5.O54
https://hal.archives-ouvertes.fr/hal-03211401,L.L6
https://hal.archives-ouvertes.fr/hal-03222218,
https://hal.archives-ouvertes.fr/hal-03503942,
https://hal.archives-ouvertes.fr/hal-03503979,
https://hal.archives-ouvertes.fr/hal-03503927,
https://halshs.archives-ouvertes.fr/halshs-03277342,C.C9.C92
https://halshs.archives-ouvertes.fr/halshs-03277342,D.D0
https://halshs.archives-ouvertes.fr/halshs-03277342,D.D6.D63
https://halshs.archives-ouvertes.fr/halshs-03443155,D
https://halshs.archives-ouvertes.fr/halshs-03443155,D.D7
https://halshs.archives-ouvertes.fr/halshs-03443155,D.D8
https://hal.archives-ouvertes.fr/hal-02279033v3,
https://halshs.archives-ouvertes.fr/halshs-03231532,O.O2.O23
https://halshs.archives-ouvertes.fr/halshs-03231532,D.D2.D22
https://halshs.archives-ouvertes.fr/halshs-03231532,D.D2.D24
https://halshs.archives-ouvertes.fr/halshs-03231532,O.O4.O43
https://halshs.archives-ouvertes.fr/halshs-03197372,Z.Z1.Z13
https://hal-paris1.archives-ouvertes.fr/hal-03102543,C.C6.C61
https://hal-paris1.archives-ouvertes.fr/hal-03102543,E
https://hal-paris1.archives-ouvertes.fr/hal-03102543,E.E2.E20
https://hal-paris1.archives-ouvertes.fr/hal-03102543,E.E3.E32
https://hal-paris1.archives-ouvertes.fr/hal-03102543,D.D6.D63
https://hal.archives-ouvertes.fr/hal-03029555,
https://hal.archives-ouvertes.fr/hal-03211410,
https://hal.archives-ouvertes.fr/hal-03722945,G.G1.G12
https://hal.archives-ouvertes.fr/hal-03722945,D.D8.D81
https://hal.archives-ouvertes.fr/hal-03722945,C.C7.C71
https://hal-paris1.archives-ouvertes.fr/hal-03235519,F.F1.F12
https://hal-paris1.archives-ouvertes.fr/hal-03235519,L.L1.L15
https://hal-paris1.archives-ouvertes.fr/hal-03235519,O.O1.O15
https://hal.archives-ouvertes.fr/hal-03616218,F.F1.F14
https://hal.archives-ouvertes.fr/hal-03616218,F.F1.F17
https://hal.archives-ouvertes.fr/hal-03490588,
https://hal.archives-ouvertes.fr/hal-03511874,Q.Q5
https://hal.archives-ouvertes.fr/hal-03511874,P.P2
https://hal.archives-ouvertes.fr/hal-03511874,R.R1.R11
https://hal.archives-ouvertes.fr/hal-03680071,
https://hal.archives-ouvertes.fr/hal-03205154,G.G1.G12
https://hal.archives-ouvertes.fr/hal-03205154,G.G1.G14
https://hal.archives-ouvertes.fr/hal-03603586,
https://halshs.archives-ouvertes.fr/halshs-03523222,D.D5
https://halshs.archives-ouvertes.fr/halshs-03523222,D.D4
https://halshs.archives-ouvertes.fr/halshs-03523222,G.G1
https://hal.archives-ouvertes.fr/hal-03770884,
https://hal.archives-ouvertes.fr/hal-02412741v2,
https://hal.archives-ouvertes.fr/hal-03153475,
https://halshs.archives-ouvertes.fr/halshs-03688785,C
https://hal.archives-ouvertes.fr/hal-03448538,
https://hal.archives-ouvertes.fr/hal-03722920,D.D8.D81
https://hal.archives-ouvertes.fr/hal-03722920,G.G1.G11
https://hal.archives-ouvertes.fr/hal-03722920,G.G1.G12
https://hal.archives-ouvertes.fr/hal-02919936,Q.Q5.Q53
https://hal.archives-ouvertes.fr/hal-02919936,Q.Q5.Q56
https://hal.archives-ouvertes.fr/hal-02919936,P.P2
https://hal.archives-ouvertes.fr/hal-02919936,R.R1.R11
https://hal.archives-ouvertes.fr/hal-03474032,O.O4
https://hal.archives-ouvertes.fr/hal-03474032,E.E0.E01
https://hal.archives-ouvertes.fr/hal-03474032,F.F0.F01
https://hal.archives-ouvertes.fr/hal-03474032,F.F6.F64
https://hal.archives-ouvertes.fr/hal-03659322,
https://hal.archives-ouvertes.fr/hal-03768810,
https://hal.archives-ouvertes.fr/hal-03218410,E.E1.E12
https://hal.archives-ouvertes.fr/hal-03218410,E.E2.E25
https://halshs.archives-ouvertes.fr/halshs-02973332,J.J2
https://halshs.archives-ouvertes.fr/halshs-02973332,O.O3
https://halshs.archives-ouvertes.fr/halshs-02973332,D.D3
https://halshs.archives-ouvertes.fr/halshs-02973332,F.F1
https://halshs.archives-ouvertes.fr/halshs-02973332,F.F1.F16
https://halshs.archives-ouvertes.fr/halshs-02973332,F.F6.F66
https://halshs.archives-ouvertes.fr/halshs-03048602,Q.Q5.Q51
https://halshs.archives-ouvertes.fr/halshs-03048602,Q.Q5.Q54
https://halshs.archives-ouvertes.fr/halshs-03048602,J.J1.J11
https://hal.archives-ouvertes.fr/hal-03503981,
https://hal.archives-ouvertes.fr/hal-03503985,
https://hal.archives-ouvertes.fr/hal-03199108,F.F2.F22
https://hal.archives-ouvertes.fr/hal-03199108,F.F2.F24
https://hal.archives-ouvertes.fr/hal-03199108,J.J1.J11
https://hal.archives-ouvertes.fr/hal-03199108,J.J6.J61
https://hal.archives-ouvertes.fr/hal-03199108,O.O1.O15
https://halshs.archives-ouvertes.fr/halshs-03744741,L.L1.L10
https://halshs.archives-ouvertes.fr/halshs-03380677,C.C8
https://halshs.archives-ouvertes.fr/halshs-03380677,L.L3
https://hal-paris1.archives-ouvertes.fr/hal-03261452,B.B4.B41
https://hal-paris1.archives-ouvertes.fr/hal-03261452,C.C1.C18
https://hal-paris1.archives-ouvertes.fr/hal-03261452,D.D0.D01
https://hal-paris1.archives-ouvertes.fr/hal-03261452,D.D8.D81
https://hal-paris1.archives-ouvertes.fr/hal-03261452,D.D9.D90
https://hal.archives-ouvertes.fr/hal-03384746,
https://hal.archives-ouvertes.fr/hal-03206929,B.B1.B13
https://hal.archives-ouvertes.fr/hal-03206929,B.B2.B23
https://hal.archives-ouvertes.fr/hal-03206929,B.B2.B24
https://hal.archives-ouvertes.fr/hal-03206929,C.C6.C61
https://hal.archives-ouvertes.fr/hal-03206929,D.D5.D50
https://hal.archives-ouvertes.fr/hal-03206929,D.D8.D80
https://hal.archives-ouvertes.fr/hal-03206929,O.O2.O21
https://hal.archives-ouvertes.fr/hal-03206929,P.P2.P21
https://hal.archives-ouvertes.fr/hal-03608240,
https://hal.archives-ouvertes.fr/hal-03211405,F.F1.F16
https://hal.archives-ouvertes.fr/hal-03211405,O.O3.O30
https://hal.archives-ouvertes.fr/hal-03211405,D.D2.D22
https://hal.archives-ouvertes.fr/hal-03211405,O.O1.O12
https://hal.archives-ouvertes.fr/hal-03211405,O.O5.O54
https://hal.archives-ouvertes.fr/hal-03211405,L.L6
https://hal-cnrs.archives-ouvertes.fr/hal-03452165,
https://hal-paris1.archives-ouvertes.fr/hal-03515766,
https://hal.archives-ouvertes.fr/hal-03515787,H.H6
https://hal.archives-ouvertes.fr/hal-03515787,E.E6.E61
https://hal.archives-ouvertes.fr/hal-03515787,E.E6.E62
https://hal.archives-ouvertes.fr/hal-03515787,E.E6.E65
https://hal.archives-ouvertes.fr/hal-03389540,I.I1.I10
https://hal.archives-ouvertes.fr/hal-03389540,I.I1.I18
https://hal.archives-ouvertes.fr/hal-03389540,J.J1.J14
https://hal.archives-ouvertes.fr/hal-03264893,
https://halshs.archives-ouvertes.fr/halshs-03547789,
https://hal.archives-ouvertes.fr/hal-03324533,
https://hal.archives-ouvertes.fr/hal-03722936,
https://hal.archives-ouvertes.fr/hal-03329206,
https://hal.archives-ouvertes.fr/hal-03770761,
https://hal.archives-ouvertes.fr/hal-03647625,
https://hal.archives-ouvertes.fr/hal-03355464,O.O1.O17
https://hal.archives-ouvertes.fr/hal-03355464,K.K4.K42
https://hal.archives-ouvertes.fr/hal-03355464,F.F2.F22
https://hal.archives-ouvertes.fr/hal-03712450,D.D9.D91
https://hal.archives-ouvertes.fr/hal-03712450,C.C9.C92
https://hal.archives-ouvertes.fr/hal-03712450,D.D8.D83
https://hal.archives-ouvertes.fr/hal-03712450,D.D8.D85
https://hal.archives-ouvertes.fr/hal-02920560,
https://hal.archives-ouvertes.fr/hal-03252585,
https://halshs.archives-ouvertes.fr/halshs-03099741,D.D3.D31
https://halshs.archives-ouvertes.fr/halshs-03099741,E.E2.E25
https://halshs.archives-ouvertes.fr/halshs-03099741,E.E4.E44
https://halshs.archives-ouvertes.fr/halshs-03099741,G.G0.G01
https://halshs.archives-ouvertes.fr/halshs-03277339,C.C9
https://halshs.archives-ouvertes.fr/halshs-03277339,D.D7
https://halshs.archives-ouvertes.fr/halshs-03277339,H.H2
https://halshs.archives-ouvertes.fr/halshs-03277339,H.H3
https://halshs.archives-ouvertes.fr/halshs-03523343,Q.Q5.Q54
https://halshs.archives-ouvertes.fr/halshs-03282198,D.D0.D00
https://halshs.archives-ouvertes.fr/halshs-03282198,D.D0.D01
https://halshs.archives-ouvertes.fr/halshs-03282198,D
https://hal-paris1.archives-ouvertes.fr/hal-03526650,
https://hal.archives-ouvertes.fr/hal-03184961,I.I1.I18
https://hal.archives-ouvertes.fr/hal-03355063,D.D5.D53
https://hal.archives-ouvertes.fr/hal-03355063,G.G1.G12
https://hal.archives-ouvertes.fr/hal-03355063,G.G3.G32
https://halshs.archives-ouvertes.fr/halshs-03462781,Q.Q5.Q58
https://hal.archives-ouvertes.fr/hal-03153465,
https://hal.archives-ouvertes.fr/hal-03205158,Z.Z1.Z13
https://hal.archives-ouvertes.fr/hal-03664502,
https://halshs.archives-ouvertes.fr/halshs-03666626,C.C7.C72
https://halshs.archives-ouvertes.fr/halshs-03666626,D.D8.D83
https://hal.archives-ouvertes.fr/hal-03512676,
https://hal.archives-ouvertes.fr/hal-03202524,
https://hal.archives-ouvertes.fr/hal-02948760,
https://hal.archives-ouvertes.fr/hal-03767916,D.D1.D10
https://hal.archives-ouvertes.fr/hal-03767916,J.J2.J22
https://hal.archives-ouvertes.fr/hal-03767916,O.O1.O12
https://hal.archives-ouvertes.fr/hal-03767916,O.O5.O54
https://hal.archives-ouvertes.fr/hal-03226589,
https://hal.archives-ouvertes.fr/hal-03503989,
https://hal.archives-ouvertes.fr/hal-03503945,
https://hal.archives-ouvertes.fr/hal-03503955,
https://hal-paris1.archives-ouvertes.fr/hal-03526664,G
https://hal.archives-ouvertes.fr/hal-03131518,D.D9.D91
https://hal.archives-ouvertes.fr/hal-03131518,C.C9.C93
https://hal.archives-ouvertes.fr/hal-03131518,C.C8.C81
https://hal.archives-ouvertes.fr/hal-03131518,C.C9.C90
https://hal.archives-ouvertes.fr/hal-03131518,D.D0.D01
https://hal.archives-ouvertes.fr/hal-03131518,D.D8.D82
https://hal.archives-ouvertes.fr/hal-03131518,J.J2.J20
https://hal.archives-ouvertes.fr/hal-03131518,J.J3.J30
https://hal.archives-ouvertes.fr/hal-03131518,J.J4.J40
https://hal.archives-ouvertes.fr/hal-03329203,
https://halshs.archives-ouvertes.fr/halshs-03335611,
https://hal.archives-ouvertes.fr/hal-03252557,
https://hal.archives-ouvertes.fr/hal-03624729,
https://hal.inrae.fr/hal-03403887,F.F1
https://hal.inrae.fr/hal-03403887,F.F1.F16
https://hal.inrae.fr/hal-03403887,L.L2.L25
https://hal.inrae.fr/hal-03403887,L.L6.L60
https://halshs.archives-ouvertes.fr/halshs-03165773,C.C6.C63
https://halshs.archives-ouvertes.fr/halshs-03165773,C.C6.C67
https://halshs.archives-ouvertes.fr/halshs-03165773,D.D8.D80
https://halshs.archives-ouvertes.fr/halshs-03165773,E.E3.E31
https://halshs.archives-ouvertes.fr/halshs-03165773,E.E5.E52
https://halshs.archives-ouvertes.fr/halshs-03507995,
https://hal.archives-ouvertes.fr/hal-03581013,
https://hal.archives-ouvertes.fr/hal-03525445,C.C1.C12
https://hal.archives-ouvertes.fr/hal-03525445,C.C7.C72
https://hal.archives-ouvertes.fr/hal-03525445,C.C9.C91
https://hal.archives-ouvertes.fr/hal-03525445,L.L1.L13
https://hal.archives-ouvertes.fr/hal-03605454,
https://hal.archives-ouvertes.fr/hal-03185523,
https://hal.archives-ouvertes.fr/hal-03355778,G.G3.G34
https://hal.archives-ouvertes.fr/hal-03355778,F.F2.F23
https://hal.archives-ouvertes.fr/hal-03355778,J.J3.J33
https://halshs.archives-ouvertes.fr/halshs-03359290,
https://halshs.archives-ouvertes.fr/halshs-03389630,
https://halshs.archives-ouvertes.fr/halshs-03615028,Z.Z1.Z13
https://halshs.archives-ouvertes.fr/halshs-03641124,
https://hal.archives-ouvertes.fr/hal-03329190,
