uri_s,journalTitle_s
https://hal-sciencespo.archives-ouvertes.fr/hal-03621346,LIEPP Policy Brief
https://hal.archives-ouvertes.fr/hal-02877569v4,SIAM Journal on Financial Mathematics
https://hal.archives-ouvertes.fr/hal-03563327,Socio-économie du Travail
https://hal.archives-ouvertes.fr/hal-03353701,Journal of Economic Behavior & Organization
https://hal.archives-ouvertes.fr/hal-03233309,Marchés & Organisations - Revue d'analyse stratégique
https://hal.archives-ouvertes.fr/hal-03503979,"政治经济学季刊 (zhèngzhì jīngjì xué jìkān, Quarterly Review of Political Economics)"
https://halshs.archives-ouvertes.fr/halshs-03277342,Frontiers in Psychology
https://halshs.archives-ouvertes.fr/halshs-03443155,The Stanford Encyclopedia of Philosophy
https://hal.archives-ouvertes.fr/hal-03680071,SIAM Journal on Financial Mathematics
https://hal.archives-ouvertes.fr/hal-03503981,"政治经济学报 (zhèngzhì jīngjì xuébào, Review of Political Economics)"
https://hal.archives-ouvertes.fr/hal-03503985,"政治经济学报 (zhèngzhì jīngjì xuébào, Review of Political Economics)"
https://halshs.archives-ouvertes.fr/halshs-03744741,Économie appliquée : archives de l'Institut de science économique appliquée
https://hal.archives-ouvertes.fr/hal-03384746,LIEPP Policy Brief
https://hal.archives-ouvertes.fr/hal-03389540,European Journal of Health Economics
https://hal.archives-ouvertes.fr/hal-03355464,Journal of Economic Behavior & Organization
https://hal.archives-ouvertes.fr/hal-03355063,Theory and Decision
https://hal.archives-ouvertes.fr/hal-03355778,Industrial & Labor Relations Review
https://halshs.archives-ouvertes.fr/halshs-03615028,Frontiers in Psychology
