keyword_s,count
,60
Metacognition,5
Confidence,4
Stochastic Volterra equations,3
France,3
Gender inequality,3
Fairness,3
Kornai,2
Innovation,2
Commitment,2
Market making,2
Confidence forced-choice,2
Stochastic optimal control,2
Lying,2
Spatial attention,2
Self-employment,2
Duopoly,2
Ecuador,2
Efficiency,2
SANTE,2
Rough volatility,2
Energy efficiency,2
Environmental regulation,2
Redistribution,2
Experiments,2
Choquet pricing,2
Put–call parity,2
Firm-product-level data,2
Lottery wins,2
Long-term growth,2
Growth models,2
Household debt,2
IMPACT,2
Income inequality,2
Cognitive training,2
Market frictions,2
China,2
Vision,2
Visual confidence,2
Truth-telling oath,2
Uncertainty,2
Technological change,1
Opportunity-dependent inequality,1
Output product quality,1
Output and input prices,1
Out-of-Equilibrium Dynamics,1
Options,1
Welfare gains,1
Optimality of deductible,1
Wishart processes,1
Opinion dynamics,1
Opinion pooling,1
PTSD,1
Offshoring,1
OECD,1
Numérique,1
Nudges,1
Women’s wages,1
Nuclear fuel stock,1
Normative uncertainty versus identity uncertainty in Harsanyi and Rawls,1
Weighted graph,1
Partial observation,1
Pareto,1
Nonlinear Hawkes processes,1
Produits dérivés,1
Production Network,1
Product substitutability,1
Product qualityTrade,1
Product Substitutability,1
Pricing rules,1
Wage theory,1
Price of Anarchy,1
Price Puzzle,1
Preference aggregation,1
Portugal,1
Populism,1
Political campaign,1
Walras tâtonnement,1
Polarization,1
Planometrics,1
Perception,1
Peer effects,1
Patent,1
Normative and empirical uncertainty,1
Non-Markovian Heston,1
Projections économiques,1
Maximizing expected value,1
Middle East and Rentier-State,1
Methodology,1
Metaperception,1
Yaari’s model,1
Meta-perception,1
Merger and acquisition,1
Yes/no belief vs graded belief,1
Mechanical Turk,1
Mean-variance portfolio theory,1
Mathematical economics,1
Network fragility,1
Math modeling,1
Martingale problem,1
ZONE URBAINE,1
Markups,1
Économie sociale,1
Markov decision process,1
Épargne,1
Market socialism,1
Épargne des ménages,1
Migration,1
Migration prospects,1
Modeling,1
Modelling,1
Network formation,1
Network,1
Neo-additive capacity,1
NAIRU,1
World economy,1
Ménages,1
Mutuelles associations,1
Mutual health organisation,1
Multitasking,1
Multinational firms,1
Multi-prior model,1
Multi- dimensional Volterra process,1
Mortality risk,1
Mortality inequality,1
Month-by-month profit maximization,1
Money,1
Monetary Non-Neutrality,1
Modèles de croissance,1
Models,1
Wage dynamics,1
Pseudo-convex,1
Propensity for hedging,1
Total Factor Productivity,1
Stein-Stein and Wishart models,1
Static versus dynamic rationality,1
Spurious unanimity,1
Trade elasticity,1
Solemn Oath,1
Soft budget constraint,1
Soft Budget Constraint,1
Social welfare,1
Social risk,1
Social rationality,1
Social pressure,1
Social preferences,1
Social media,1
Skilled labor,1
Skill intensity and skill premium,1
Shortage,1
Shirking,1
Senegal,1
Self-serving bias,1
Stigmatization,1
Stochastic convolution equations,1
Proper hedges,1
Tolérance mutuelle,1
Techies,1
Taxes à la consommation,1
Taxation,1
Tax evasion game,1
Task-performance,1
Time,1
Tariffs,1
TFP-Q,1
Superprocesses,1
Super-replication,1
Super-hedging price,1
Submodularity,1
Time preferences,1
Titrisation,1
Subjectivisme,1
Subjective probability,1
Sub-Saharan Africa,1
Stocktwits,1
Stock-flow consistency,1
Self-selection,1
Self-reinforcing process,1
Self-evaluation,1
Transfert du risque Derivatives,1
Revenue and physical quantity total factor productivity TFP-R,1
Retraite,1
Market efficiency,1
Reciprocity,1
Reasoning,1
Real indeterminacy,1
Rationality,1
Rational group agent,1
Von Neumann–Morgenstern expected utility function,1
RSE,1
R&D productivity,1
R&D Productivity,1
Quadratic short rate models,1
Voting,1
Public spending,1
Public goods,1
Public debt,1
Public Good,1
Term structure,1
Riccati equations,1
Riccati-Volterra equations,1
Risk,1
United States,1
Securitisation,1
Seasonal malaria chemoprevention,1
Seasonal demand,1
Triple-task,1
Savage,1
Sargent Thomas J,1
Santé physique et mentale,1
STEM skills,1
Rough volatility models,1
Risk factor models,1
Universal health coverage,1
Risques psychosociaux,1
Risk-neutral nonadditive probability,1
Utilitarianism,1
Risk transfer,1
Risk preferences,1
Values aggregation,1
Risk measure,1
Restructuration,1
ACLI,1
Mali,1
Dette publique,1
Decision making,1
Decentralized planning,1
Curse of dimensionality,1
Current account balance,1
Culture,1
Cryptocurrency,1
Cross-border M&A,1
Croissance à long-terme,1
Crise économique,1
Crime,1
Credit,1
Credence,1
Covid-19,1
Cost-effectiveness,1
Cost,1
Corruption,1
Correlation matrices,1
Coordination mechanism,1
Coopératives,1
Cooperative game,1
Cooperation,1
Degree centrality,1
Dictator game,1
Malaria,1
Difference-in-difference estimation,1
Ex ante versus ex post perspective,1
Event securities,1
Equal pay,1
Epidemic Spreading,1
Entrepreneurship,1
Energy use,1
Energy consumption,1
Endogenous population,1
Endogenous,1
Employment volatility,1
Employment contracts,1
Electricity market,1
Economic projections,1
Economic crisis,1
Economic,1
Dishonesty,1
Disequilibrium,1
Disability-adjusted life year DALY,1
Direct democracy effect,1
Digital,1
Differencein-Difference estimation Q53,1
Contrainte budgétaire,1
Consultation,1
Consommation d'énergie,1
Connaissance,1
Behavioural public policies,1
Behavioural economics,1
Bayesianism,1
Barrières à la mobilité,1
BRUIT,1
BHPS JEL codes J16,1
BHPS JEL Codes J16,1
BHPS,1
Attraction for certainty,1
Asset price bubble,1
Arbitrage,1
Anticomonotonicity,1
Ambiguity,1
Allais Paradox,1
Algorithmic trading,1
Age-speciﬁc mortality,1
Afghanistan,1
Affine Volterra processes,1
Affective forecasting errors,1
Adjustment costs,1
Acceptability,1
Belief binarization,1
Bid-ask,1
Binary belief,1
Climate change,1
Confiance,1
Conditions de travail physiques,1
Compte satellite,1
Competition with reservoir,1
Comparaison internationale,1
Community-based health insurance,1
Combat,1
Cohérence de l’entreprise,1
Cognitive neuroscience,1
Climate Impacts,1
BitcoinInvestor sentiment,1
Choquet integral,1
Choix pro-sociaux,1
Capital social,1
Canada,1
CEREMA,1
CEO reputation,1
Broome,1
Brevets,1
Borrowing constraint,1
Ex-ante versus ex-post Pareto,1
Exact utilitarianism,1
Exogenous,1
Impossibility theorem,1
Integro-differential equations,1
Integration,1
Integrated assessment model,1
Integral operator Riccati equation,1
Instrumental variable,1
Institution design,1
Input-skill complementarity,1
Input tariff reductions,1
Input and output tariff reduction,1
Infrastructure,1
Infra-microeconomics,1
Informal and formal care,1
Infinite-horizon,1
Infinite-dimensional Lyapunov equation,1
InequalityStagnation,1
Inequality structure,1
Inequality measurement,1
Inequality,1
Incomplete markets · Financial equilibrium · Multi-period model · Long-term assets · Re-traded assets · Financial structures with re-trading,1
Income distribution,1
In-kind payments,1
International migration,1
International trade,1
Intertemporal equilibrium,1
Knowledge,1
Macroeconomics and financial economics,1
Lucas Robert E,1
Lottery paradox,1
Long-run average payoff,1
Long term care,1
Logic vs rational choice theory,1
Load-following units,1
Absence of arbitrage opportunities,1
Law,1
Keen,1
Intra-household allocation,1
Justification costs,1
Job polarization,1
Jewitt’s left-monotone risk aversion,1
J24,1
J21,1
Inégalités,1
Investor attention,1
Investisseurs institutionnel,1
Introspection,1
In-group bias,1
Impacts,1
Expected-utility hypothesis,1
ISR,1
Fixed prices,1
Fiscal constraint,1
Firm-level data,1
Firm level data,1
Firm growth,1
Financiarisation,1
Financialization,1
Financial markets,1
Financial Stability,1
Financial,1
Finance durable,1
Finance,1
Female labor force,1
Female employment,1
Fama Eugene,1
Fair wages,1
Expressive voting,1
Export unit values,1
Export intensity,1
Experimental Economics,1
Experiment,1
Flood Risks,1
Fondations,1
Foreign input quality,1
Great Recession,1
INDICATEUR,1
Households,1
Honesty,1
Homophily,1
Home market effect,1
Hawkes processes,1
Groupe stratégique,1
Group rationality versus Paretianism,1
Group decisions and negotiations,1
Goodwin,1
Framing,1
Goals,1
Georgescu-Roegen,1
General framework,1
Gaussian processes,1
Gains from trade,1
Fundamental Theorem of Asset Pricing,1
Frictions,1
Fredholm's determinant,1
Francis Ysidro Edgeworth,1
Linear-quadratic control,1
