uri_s,journalTitle_s,journalIssn_s,ECONLIT,MATHSCINET,SCIMAGO_CATEGORIES,SJR_BEST_QUARTILE,SCIMAGO,HCERES_CONRS_RANK,HCERES_FNEGE_RANK,HCERES_RANK,HCERES,NUMBER_OF_REFERENTIALS
https://halshs.archives-ouvertes.fr/halshs-03330242,Industrial Relations Journal,0019-8692,False,False,Industrial Relations (Q2),Q2,True,,,,False,1
https://hal-amu.archives-ouvertes.fr/hal-03620348,Defence and Peace Economics,1024-2694,True,False,Economics and Econometrics (Q2); Social Sciences (miscellaneous) (Q2),Q2,True,4,,C,True,3
https://hal-sciencespo.archives-ouvertes.fr/hal-03621346,LIEPP Policy Brief,,False,False,,,False,,,,False,0
https://hal.archives-ouvertes.fr/hal-03233310,Recherches Internationales,0294-3069,False,False,,,False,,,,False,0
https://hal.archives-ouvertes.fr/hal-03131121,Journal of Financial Econometrics,1479-8409,True,False,Economics and Econometrics (Q1); Finance (Q1),Q1,True,2,,A,True,3
https://hal.archives-ouvertes.fr/hal-03483584,Nature Climate Change,1758-678X,False,False,Environmental Science (miscellaneous) (Q1); Social Sciences (miscellaneous) (Q1),Q1,True,,,,False,1
https://hal.archives-ouvertes.fr/hal-02877569v4,SIAM Journal on Financial Mathematics,,False,False,,,False,,,,False,0
https://hal.archives-ouvertes.fr/hal-03452756,Revue française de finances publiques - RFFP,0294-0833,False,False,,,False,,,,False,0
https://hal.archives-ouvertes.fr/hal-03503929,Revue de Philosophie Economique / Review of Economic Philosophy,1376-0971,True,False,Philosophy (Q3); Economics and Econometrics (Q4); Social Sciences (miscellaneous) (Q4); Sociology and Political Science (Q4),Q3,True,3,,B,True,3
https://hal.archives-ouvertes.fr/hal-03503937,Recherches Internationales,0294-3069,False,False,,,False,,,,False,0
https://hal.archives-ouvertes.fr/hal-03184996,Journal of Experimental Psychology: Human Perception and Performance,0096-1523,False,False,Arts and Humanities (miscellaneous) (Q1); Behavioral Neuroscience (Q1); Experimental and Cognitive Psychology (Q1); Medicine (miscellaneous) (Q1),Q1,True,,,,False,1
https://hal.archives-ouvertes.fr/hal-02367200v3,Mathematical Finance,0960-1627,True,True,Accounting (Q1); Applied Mathematics (Q1); Economics and Econometrics (Q1); Finance (Q1); Social Sciences (miscellaneous) (Q1),Q1,True,2,2,A,True,4
https://hal.archives-ouvertes.fr/hal-03774313,European Journal of the History of Economic Thought,0967-2567,True,False,"Arts and Humanities (miscellaneous) (Q1); Economics, Econometrics and Finance (miscellaneous) (Q1); History and Philosophy of Science (Q1)",Q1,True,1,3,A,True,3
https://hal.archives-ouvertes.fr/hal-03594185,Journal of Mathematical Economics,0304-4068,True,True,Applied Mathematics (Q2); Economics and Econometrics (Q2),Q2,True,1,,A,True,4
https://hal.archives-ouvertes.fr/hal-03330856,Journal of Economic Behavior and Organization,0167-2681,True,False,Economics and Econometrics (Q1); Organizational Behavior and Human Resource Management (Q1),Q1,True,2,,A,True,3
https://hal.archives-ouvertes.fr/hal-03512709,Quantitative Finance,1469-7688,True,True,"Economics, Econometrics and Finance (miscellaneous) (Q1); Finance (Q1)",Q1,True,3,3,B,True,4
https://hal.archives-ouvertes.fr/hal-02866885,Energy Systems,1868-3967,False,False,Economics and Econometrics (Q2); Energy (miscellaneous) (Q2); Modeling and Simulation (Q2),Q2,True,4,,C,True,2
https://halshs.archives-ouvertes.fr/halshs-03207519,Revue Française d'Economie,0769-0479,True,False,,,False,3,,B,True,2
https://hal.archives-ouvertes.fr/hal-03436070,La Lettre du CEPII,0243-1947,False,False,,,False,,,,False,0
https://hal.archives-ouvertes.fr/hal-03537459,La vie des idées,2265-5077,False,False,,,False,,,,False,0
https://hal.archives-ouvertes.fr/hal-03616701,"Environnement, Risques & Santé",1635-0421,False,False,"Health, Toxicology and Mutagenesis; Public Health, Environmental and Occupational Health",-,True,,,,False,1
https://hal.archives-ouvertes.fr/hal-03154973,Rationality and Society,1043-4631,False,False,Social Sciences (miscellaneous) (Q2); Sociology and Political Science (Q2),Q2,True,,,,False,1
https://hal-paris1.archives-ouvertes.fr/hal-03346183,Cambridge Journal of Economics,0309-166X,True,False,Economics and Econometrics (Q1),Q1,True,2,,A,True,3
https://hal.archives-ouvertes.fr/hal-03563327,Socio-économie du Travail,,False,False,,,False,,,,False,0
https://hal.archives-ouvertes.fr/hal-03490594,Neuroimage-Clinical,2213-1582,False,False,"Cognitive Neuroscience (Q1); Neurology (Q1); Neurology (clinical) (Q1); Radiology, Nuclear Medicine and Imaging (Q1)",Q1,True,,,,False,1
https://hal.archives-ouvertes.fr/hal-03490615,"Attention, Perception, and Psychophysics",1943-3921,False,False,Linguistics and Language (Q1); Experimental and Cognitive Psychology (Q2); Sensory Systems (Q2),Q1,True,,,,False,1
https://hal.archives-ouvertes.fr/hal-03185526,Psychonomic Bulletin and Review,1069-9384,False,False,Arts and Humanities (miscellaneous) (Q1); Developmental and Educational Psychology (Q1); Experimental and Cognitive Psychology (Q1),Q1,True,,,,False,1
https://hal.archives-ouvertes.fr/hal-03493958,Mathematical Social Sciences,0165-4896,True,True,"Psychology (miscellaneous) (Q2); Social Sciences (miscellaneous) (Q2); Sociology and Political Science (Q2); Statistics, Probability and Uncertainty (Q3)",Q2,True,2,,A,True,4
https://hal.archives-ouvertes.fr/hal-03268398,Journal of Economic Behavior and Organization,0167-2681,True,False,Economics and Econometrics (Q1); Organizational Behavior and Human Resource Management (Q1),Q1,True,2,,A,True,3
https://hal.archives-ouvertes.fr/hal-03268525,Journal of Economic Behavior and Organization,0167-2681,True,False,Economics and Econometrics (Q1); Organizational Behavior and Human Resource Management (Q1),Q1,True,2,,A,True,3
https://hal.archives-ouvertes.fr/hal-03194928,Journal of Economic Theory,0022-0531,True,True,Economics and Econometrics (Q1),Q1,True,1,,A,True,4
https://hal.archives-ouvertes.fr/hal-03647632,Economie et Prévision,0249-4744,True,False,"Business and International Management (Q4); Economics, Econometrics and Finance (miscellaneous) (Q4)",Q4,True,3,,B,True,3
https://hal.archives-ouvertes.fr/hal-03513560,European Journal of Operational Research,0377-2217,True,False,Computer Science (miscellaneous) (Q1); Industrial and Manufacturing Engineering (Q1); Information Systems and Management (Q1); Management Science and Operations Research (Q1); Modeling and Simulation (Q1),Q1,True,1,1,A,True,3
https://hal.archives-ouvertes.fr/hal-03452770,Revue Internationale de l'Economie Sociale,1626-1682,False,False,,,False,,,C,True,1
https://hal.archives-ouvertes.fr/hal-03680074,Applied Mathematical Finance,1350-486X,True,True,Applied Mathematics (Q2); Finance (Q2),Q2,True,,4,C,True,4
https://hal.archives-ouvertes.fr/hal-03215411v2,Perspectives on Psychological Science,1745-6916,False,False,Psychology (miscellaneous) (Q1),Q1,True,,,,False,1
https://hal.archives-ouvertes.fr/hal-03747844,Behavioural Public Policy,2398-063X,False,False,,,False,,,,False,0
https://hal.archives-ouvertes.fr/hal-03329211,Psychological Review,0033-295X,False,False,History and Philosophy of Science (Q1); Psychology (miscellaneous) (Q1),Q1,True,,,,False,1
https://hal.archives-ouvertes.fr/hal-03330739,Journal of Mathematical Economics,0304-4068,True,True,Applied Mathematics (Q2); Economics and Econometrics (Q2),Q2,True,1,,A,True,4
https://halshs.archives-ouvertes.fr/halshs-03472910,Journal of Economic Behavior and Organization,2042-2695,False,False,,,False,,,,False,0
https://halshs.archives-ouvertes.fr/halshs-03214607,Fiscal Studies,0143-5671,True,False,Accounting (Q1); Economics and Econometrics (Q1); Finance (Q1),Q1,True,3,,B,True,3
https://hal-paris1.archives-ouvertes.fr/hal-03526647,Environmental Research Letters,1748-9326,False,False,"Environmental Science (miscellaneous) (Q1); Public Health, Environmental and Occupational Health (Q1); Renewable Energy, Sustainability and the Environment (Q1)",Q1,True,,,,False,1
https://hal.archives-ouvertes.fr/hal-03051879,Public Choice,0048-5829,True,False,Sociology and Political Science (Q1); Economics and Econometrics (Q2),Q1,True,1,,A,True,3
https://hal.archives-ouvertes.fr/hal-02732888,Journal of the Knowledge Economy,1868-7865,True,False,Economics and Econometrics (Q3),Q3,True,4,,C,True,3
https://hal.archives-ouvertes.fr/hal-03353701,Journal of Economic Behavior & Organization,,False,False,,,False,,,,False,0
https://halshs.archives-ouvertes.fr/halshs-01441070v3,American Economic Journal: Microeconomics,1945-7685,False,False,"Economics, Econometrics and Finance (miscellaneous) (Q1)",Q1,True,,,,False,1
https://halshs.archives-ouvertes.fr/halshs-03165772,Journal of Mathematical Economics,0304-4068,True,True,Applied Mathematics (Q2); Economics and Econometrics (Q2),Q2,True,1,,A,True,4
https://hal.archives-ouvertes.fr/hal-03281809,Revue Economique,0035-2764,True,False,"Economics, Econometrics and Finance (miscellaneous) (Q3)",Q3,True,2,,A,True,3
https://hal.archives-ouvertes.fr/hal-03233309,Marchés & Organisations - Revue d'analyse stratégique,,False,False,,,False,,,,False,0
https://halshs.archives-ouvertes.fr/halshs-03312820,Comparative Economic Studies,0888-7233,True,False,Economics and Econometrics (Q3),Q3,True,3,,B,True,3
https://hal.archives-ouvertes.fr/hal-03221433,L'Économie politique,1293-6146,False,False,,,False,,,,False,0
https://halshs.archives-ouvertes.fr/halshs-03454854,Economics and Philosophy,0266-2671,True,False,Philosophy (Q1); Economics and Econometrics (Q2),Q1,True,2,,A,True,3
https://hal.archives-ouvertes.fr/hal-03211401,European Economic Review,0014-2921,True,False,Economics and Econometrics (Q1); Finance (Q1),Q1,True,1,,A,True,3
https://hal.archives-ouvertes.fr/hal-03222218,European Journal of Law and Economics,0929-1261,True,False,Law (Q2); Business and International Management (Q3); Economics and Econometrics (Q3),Q2,True,2,,A,True,3
https://hal.archives-ouvertes.fr/hal-03503942,Marché et Organisations,1953-6119,False,False,,,False,,,,False,0
https://hal.archives-ouvertes.fr/hal-03503979,"政治经济学季刊 (zhèngzhì jīngjì xué jìkān, Quarterly Review of Political Economics)",,False,False,,,False,,,,False,0
https://hal.archives-ouvertes.fr/hal-03503927,Research in Political Economy,0161-7230,False,False,,,False,,,,False,0
https://halshs.archives-ouvertes.fr/halshs-03277342,Frontiers in Psychology,,False,False,,,False,,,,False,0
https://halshs.archives-ouvertes.fr/halshs-03443155,The Stanford Encyclopedia of Philosophy,,False,False,,,False,,,,False,0
https://hal.archives-ouvertes.fr/hal-02279033v3,Annals of Applied Probability,1050-5164,False,True,"Statistics and Probability (Q1); Statistics, Probability and Uncertainty (Q1)",Q1,True,,,,False,2
https://halshs.archives-ouvertes.fr/halshs-03231532,Public Choice,0048-5829,True,False,Sociology and Political Science (Q1); Economics and Econometrics (Q2),Q1,True,1,,A,True,3
https://halshs.archives-ouvertes.fr/halshs-03197372,Utilitas,0953-8208,False,False,Philosophy (Q1); Sociology and Political Science (Q2),Q1,True,,,,False,1
https://hal-paris1.archives-ouvertes.fr/hal-03102543,Journal of Economic Behavior and Organization,0167-2681,True,False,Economics and Econometrics (Q1); Organizational Behavior and Human Resource Management (Q1),Q1,True,2,,A,True,3
https://hal.archives-ouvertes.fr/hal-03029555,"Chaos, Solitons & Fractals",0960-0779,False,False,Applied Mathematics (Q1); Mathematics (miscellaneous) (Q1); Physics and Astronomy (miscellaneous) (Q1); Statistical and Nonlinear Physics (Q1),Q1,True,,,,False,1
https://hal.archives-ouvertes.fr/hal-03211410,The World Economy,0378-5920,True,False,Finance (Q1); Political Science and International Relations (Q1); Accounting (Q2); Economics and Econometrics (Q2),Q1,True,2,,A,True,3
https://hal.archives-ouvertes.fr/hal-03722945,Economic Theory Bulletin,2196-1085,False,False,,,False,,,,False,0
https://hal-paris1.archives-ouvertes.fr/hal-03235519,Journal of Economic Behavior and Organization,0167-2681,True,False,Economics and Econometrics (Q1); Organizational Behavior and Human Resource Management (Q1),Q1,True,2,,A,True,3
https://hal.archives-ouvertes.fr/hal-03616218,Journal of International Economics,0022-1996,True,False,Economics and Econometrics (Q1); Finance (Q1),Q1,True,1,,A,True,3
https://hal.archives-ouvertes.fr/hal-03490588,Scientific Reports,2045-2322,False,False,Multidisciplinary (Q1),Q1,True,,,,False,1
https://hal.archives-ouvertes.fr/hal-03511874,Public Choice,0048-5829,True,False,Sociology and Political Science (Q1); Economics and Econometrics (Q2),Q1,True,1,,A,True,3
https://hal.archives-ouvertes.fr/hal-03680071,SIAM Journal on Financial Mathematics,,False,False,,,False,,,,False,0
https://hal.archives-ouvertes.fr/hal-03205154,Finance Research Letters,1544-6123,False,False,Finance (Q1),Q1,True,3,3,B,True,2
https://hal.archives-ouvertes.fr/hal-03603586,Journal of Mathematical Economics,0304-4068,True,True,Applied Mathematics (Q2); Economics and Econometrics (Q2),Q2,True,1,,A,True,4
https://halshs.archives-ouvertes.fr/halshs-03523222,Economic Theory,0938-2259,True,False,Economics and Econometrics (Q1),Q1,True,1,,A,True,3
https://hal.archives-ouvertes.fr/hal-03770884,Operations Research,0030-364X,True,True,Computer Science Applications (Q1); Management Science and Operations Research (Q1),Q1,True,1,1,A,True,4
https://hal.archives-ouvertes.fr/hal-02412741v2,Bernoulli,1350-7265,False,True,Statistics and Probability (Q1),Q1,True,,,,False,2
https://hal.archives-ouvertes.fr/hal-03153475,European Journal of Operational Research,0377-2217,True,False,Computer Science (miscellaneous) (Q1); Industrial and Manufacturing Engineering (Q1); Information Systems and Management (Q1); Management Science and Operations Research (Q1); Modeling and Simulation (Q1),Q1,True,1,1,A,True,3
https://halshs.archives-ouvertes.fr/halshs-03688785,Physical Review E,2470-0045,False,False,Condensed Matter Physics (Q1); Statistical and Nonlinear Physics (Q2); Statistics and Probability (Q2),Q1,True,,,,False,1
https://hal.archives-ouvertes.fr/hal-03448538,Proceedings of the National Academy of Sciences of the United States of America,0027-8424,True,True,Multidisciplinary (Q1),Q1,True,,,,False,3
https://hal.archives-ouvertes.fr/hal-03722920,Economic Theory,0938-2259,True,False,Economics and Econometrics (Q1),Q1,True,1,,A,True,3
https://hal.archives-ouvertes.fr/hal-02919936,Public Choice,0048-5829,True,False,Sociology and Political Science (Q1); Economics and Econometrics (Q2),Q1,True,1,,A,True,3
https://hal.archives-ouvertes.fr/hal-03474032,La Lettre du CEPII,0243-1947,False,False,,,False,,,,False,0
https://hal.archives-ouvertes.fr/hal-03659322,History of Political Economy,0018-2702,True,False,History (Q1); Economics and Econometrics (Q3),Q1,True,1,,A,True,3
https://hal.archives-ouvertes.fr/hal-03768810,The Journal of Development Studies,0022-0388,True,False,Development (Q1),Q1,True,2,,A,True,3
https://hal.archives-ouvertes.fr/hal-03218410,Metroeconomica,0026-1386,True,False,Economics and Econometrics (Q2),Q2,True,3,,B,True,3
https://halshs.archives-ouvertes.fr/halshs-02973332,Research Policy,0048-7333,True,False,Engineering (miscellaneous) (Q1); Management of Technology and Innovation (Q1); Management Science and Operations Research (Q1); Strategy and Management (Q1),Q1,True,1,1,A,True,3
https://halshs.archives-ouvertes.fr/halshs-03048602,Ecological Economics,0921-8009,True,False,Economics and Econometrics (Q1); Environmental Science (miscellaneous) (Q1),Q1,True,1,,A,True,3
https://hal.archives-ouvertes.fr/hal-03503981,"政治经济学报 (zhèngzhì jīngjì xuébào, Review of Political Economics)",,False,False,,,False,,,,False,0
https://hal.archives-ouvertes.fr/hal-03503985,"政治经济学报 (zhèngzhì jīngjì xuébào, Review of Political Economics)",,False,False,,,False,,,,False,0
https://hal.archives-ouvertes.fr/hal-03199108,Review of World Economics,1610-2878,True,False,"Economics, Econometrics and Finance (miscellaneous) (Q1)",Q1,True,2,,A,True,3
https://halshs.archives-ouvertes.fr/halshs-03744741,Économie appliquée : archives de l'Institut de science économique appliquée,,False,False,,,False,,,,False,0
https://halshs.archives-ouvertes.fr/halshs-03380677,Revue Internationale de l'Economie Sociale,1626-1682,False,False,,,False,,,C,True,1
https://hal-paris1.archives-ouvertes.fr/hal-03261452,Journal of Economic Methodology,1350-178X,True,False,"Economics, Econometrics and Finance (miscellaneous) (Q1)",Q1,True,2,,A,True,3
https://hal.archives-ouvertes.fr/hal-03384746,LIEPP Policy Brief,,False,False,,,False,,,,False,0
https://hal.archives-ouvertes.fr/hal-03206929,Public Choice,0048-5829,True,False,Sociology and Political Science (Q1); Economics and Econometrics (Q2),Q1,True,1,,A,True,3
https://hal.archives-ouvertes.fr/hal-03608240,Social Choice and Welfare,0176-1714,True,True,Social Sciences (miscellaneous) (Q1); Economics and Econometrics (Q2),Q1,True,1,,A,True,4
https://hal.archives-ouvertes.fr/hal-03211405,Journal of Development Economics,0304-3878,True,False,Development (Q1); Economics and Econometrics (Q1),Q1,True,1,,A,True,3
https://hal-cnrs.archives-ouvertes.fr/hal-03452165,Psychological Review,0033-295X,False,False,History and Philosophy of Science (Q1); Psychology (miscellaneous) (Q1),Q1,True,,,,False,1
https://hal-paris1.archives-ouvertes.fr/hal-03515766,Journal of Economic Behavior and Organization,0167-2681,True,False,Economics and Econometrics (Q1); Organizational Behavior and Human Resource Management (Q1),Q1,True,2,,A,True,3
https://hal.archives-ouvertes.fr/hal-03515787,Gestion et finances publiques : la revue - G&FP - GFP,1969-1009,False,False,,,False,,,,False,0
https://hal.archives-ouvertes.fr/hal-03389540,European Journal of Health Economics,,False,False,,,False,,,,False,0
https://hal.archives-ouvertes.fr/hal-03264893,SIAM Journal on Control and Optimization,0363-0129,False,True,Applied Mathematics (Q1); Control and Optimization (Q1),Q1,True,,,,False,2
https://halshs.archives-ouvertes.fr/halshs-03547789,Journal of Economic Theory,0022-0531,True,True,Economics and Econometrics (Q1),Q1,True,1,,A,True,4
https://hal.archives-ouvertes.fr/hal-03324533,FERDI Notes brèves / Policy briefs,2275-5055,False,False,,,False,,,,False,0
https://hal.archives-ouvertes.fr/hal-03722936,Theory and Decision,0040-5833,True,False,"Economics, Econometrics and Finance (miscellaneous) (Q1); Arts and Humanities (miscellaneous) (Q2); Decision Sciences (miscellaneous) (Q2); Social Sciences (miscellaneous) (Q2); Applied Psychology (Q3); Computer Science Applications (Q3); Developmental and Educational Psychology (Q3)",Q1,True,2,,A,True,3
https://hal.archives-ouvertes.fr/hal-03329206,Cognition,0010-0277,False,False,Cognitive Neuroscience (Q1); Developmental and Educational Psychology (Q1); Experimental and Cognitive Psychology (Q1); Linguistics and Language (Q1),Q1,True,,,,False,1
https://hal.archives-ouvertes.fr/hal-03770761,Journal of Experimental Psychology: Human Perception and Performance,0096-1523,False,False,Arts and Humanities (miscellaneous) (Q1); Behavioral Neuroscience (Q1); Experimental and Cognitive Psychology (Q1); Medicine (miscellaneous) (Q1),Q1,True,,,,False,1
https://hal.archives-ouvertes.fr/hal-03647625,Politiques et Management public,0758-1726,False,False,,,False,4,4,C,True,1
https://hal.archives-ouvertes.fr/hal-03355464,Journal of Economic Behavior & Organization,,False,False,,,False,,,,False,0
https://hal.archives-ouvertes.fr/hal-03712450,Journal of Economic Behavior and Organization,0167-2681,True,False,Economics and Econometrics (Q1); Organizational Behavior and Human Resource Management (Q1),Q1,True,2,,A,True,3
https://hal.archives-ouvertes.fr/hal-02920560,SIAM Journal on Control and Optimization,0363-0129,False,True,Applied Mathematics (Q1); Control and Optimization (Q1),Q1,True,,,,False,2
https://hal.archives-ouvertes.fr/hal-03252585,Quantitative Finance,1469-7688,True,True,"Economics, Econometrics and Finance (miscellaneous) (Q1); Finance (Q1)",Q1,True,3,3,B,True,4
https://halshs.archives-ouvertes.fr/halshs-03099741,European Economic Review,0014-2921,True,False,Economics and Econometrics (Q1); Finance (Q1),Q1,True,1,,A,True,3
https://halshs.archives-ouvertes.fr/halshs-03277339,International Review of Law and Economics,0144-8188,True,False,Law (Q1); Finance (Q2); Economics and Econometrics (Q3),Q1,True,1,,A,True,3
https://halshs.archives-ouvertes.fr/halshs-03523343,Climatic Change,0165-0009,False,False,Atmospheric Science (Q1); Global and Planetary Change (Q1),Q1,True,3,,B,True,2
https://halshs.archives-ouvertes.fr/halshs-03282198,Economics and Philosophy,0266-2671,True,False,Philosophy (Q1); Economics and Econometrics (Q2),Q1,True,2,,A,True,3
https://hal-paris1.archives-ouvertes.fr/hal-03526650,Journal of portfolio management,0095-4918,True,False,"Business, Management and Accounting (miscellaneous) (Q1); Accounting (Q2); Economics and Econometrics (Q2); Finance (Q2)",Q1,True,3,3,B,True,3
https://hal.archives-ouvertes.fr/hal-03184961,Malaria Journal,1475-2875,False,False,Infectious Diseases (Q1); Parasitology (Q1),Q1,True,,,,False,1
https://hal.archives-ouvertes.fr/hal-03355063,Theory and Decision,,False,False,,,False,,,,False,0
https://halshs.archives-ouvertes.fr/halshs-03462781,Nature Climate Change,1758-678X,False,False,Environmental Science (miscellaneous) (Q1); Social Sciences (miscellaneous) (Q1),Q1,True,,,,False,1
https://hal.archives-ouvertes.fr/hal-03153465,Social Choice and Welfare,0176-1714,True,True,Social Sciences (miscellaneous) (Q1); Economics and Econometrics (Q2),Q1,True,1,,A,True,4
https://hal.archives-ouvertes.fr/hal-03205158,PLoS ONE,1932-6203,False,False,Multidisciplinary (Q1),Q1,True,,,,False,1
https://hal.archives-ouvertes.fr/hal-03664502,Health Policy and Planning,0268-1080,True,False,Health Policy (Q1),Q1,True,4,3,B,True,3
https://halshs.archives-ouvertes.fr/halshs-03666626,Environmental and Resource Economics,0924-6460,True,False,"Economics and Econometrics (Q1); Management, Monitoring, Policy and Law (Q1)",Q1,True,2,,A,True,3
https://hal.archives-ouvertes.fr/hal-03512676,Journal of Dynamics and Games,2164-6066,False,True,,,False,,,,False,1
https://hal.archives-ouvertes.fr/hal-03202524,La Lettre du CEPII,0243-1947,False,False,,,False,,,,False,0
https://hal.archives-ouvertes.fr/hal-02948760,Journal of Psychiatry and Neuroscience,1180-4882,False,False,Biological Psychiatry (Q1); Medicine (miscellaneous) (Q1); Pharmacology (medical) (Q1); Psychiatry and Mental Health (Q1),Q1,True,,,,False,1
https://hal.archives-ouvertes.fr/hal-03767916,World Development,0305-750X,True,False,"Development (Q1); Economics and Econometrics (Q1); Geography, Planning and Development (Q1); Sociology and Political Science (Q1)",Q1,True,1,,A,True,3
https://hal.archives-ouvertes.fr/hal-03226589,Journal of Economic Methodology,1350-178X,True,False,"Economics, Econometrics and Finance (miscellaneous) (Q1)",Q1,True,2,,A,True,3
https://hal.archives-ouvertes.fr/hal-03503989,International Journal of Cuban Studies,1756-3461,False,False,Cultural Studies (Q2); Political Science and International Relations (Q3); Sociology and Political Science (Q3),Q2,True,,,,False,1
https://hal.archives-ouvertes.fr/hal-03503945,Monthly review,0027-0520,False,False,"Gender Studies (Q2); Geography, Planning and Development (Q2); Sociology and Political Science (Q2); Management, Monitoring, Policy and Law (Q3)",Q2,True,,,,False,1
https://hal.archives-ouvertes.fr/hal-03503955,El Trimestre Economico,0041-3011,True,False,Economics and Econometrics (Q4),Q4,True,,,,False,2
https://hal-paris1.archives-ouvertes.fr/hal-03526664,Revue Française de Gestion,0338-4551,True,False,Business and International Management (Q3); Economics and Econometrics (Q4); Strategy and Management (Q4),Q3,True,3,2,A,True,3
https://hal.archives-ouvertes.fr/hal-03131518,PLoS ONE,1932-6203,False,False,Multidisciplinary (Q1),Q1,True,,,,False,1
https://hal.archives-ouvertes.fr/hal-03329203,Judgment and Decision Making,1930-2975,True,False,Decision Sciences (miscellaneous) (Q1); Applied Psychology (Q2); Economics and Econometrics (Q2),Q1,True,,,,False,2
https://halshs.archives-ouvertes.fr/halshs-03335611,Journal of Population Economics,0933-1433,True,False,Demography (Q1); Economics and Econometrics (Q1),Q1,True,2,,A,True,3
https://hal.archives-ouvertes.fr/hal-03252557,Mathematical Finance,0960-1627,True,True,Accounting (Q1); Applied Mathematics (Q1); Economics and Econometrics (Q1); Finance (Q1); Social Sciences (miscellaneous) (Q1),Q1,True,2,2,A,True,4
https://hal.archives-ouvertes.fr/hal-03624729,PS: Political Science and Politics,1049-0965,False,False,Sociology and Political Science (Q1),Q1,True,,,,False,1
https://hal.inrae.fr/hal-03403887,European Economic Review,0014-2921,True,False,Economics and Econometrics (Q1); Finance (Q1),Q1,True,1,,A,True,3
https://halshs.archives-ouvertes.fr/halshs-03165773,Journal of Economic Dynamics and Control,0165-1889,True,True,Applied Mathematics (Q1); Control and Optimization (Q1); Economics and Econometrics (Q1),Q1,True,1,,A,True,4
https://halshs.archives-ouvertes.fr/halshs-03507995,Management Science,0025-1909,True,False,Management Science and Operations Research (Q1); Strategy and Management (Q1),Q1,True,1eg,1*,A,True,3
https://hal.archives-ouvertes.fr/hal-03581013,Journal of Experimental Psychology: General,0096-3445,False,False,Developmental Neuroscience (Q1); Experimental and Cognitive Psychology (Q1); Medicine (miscellaneous) (Q1); Psychology (miscellaneous) (Q1),Q1,True,,,,False,1
https://hal.archives-ouvertes.fr/hal-03525445,Journal of Economic Behavior and Organization,0167-2681,True,False,Economics and Econometrics (Q1); Organizational Behavior and Human Resource Management (Q1),Q1,True,2,,A,True,3
https://hal.archives-ouvertes.fr/hal-03605454,Revue d'Economie Politique,0373-2630,True,False,Political Science and International Relations (Q3),Q3,True,2,,A,True,3
https://hal.archives-ouvertes.fr/hal-03185523,"Attention, Perception, and Psychophysics",1943-3921,False,False,Linguistics and Language (Q1); Experimental and Cognitive Psychology (Q2); Sensory Systems (Q2),Q1,True,,,,False,1
https://hal.archives-ouvertes.fr/hal-03355778,Industrial & Labor Relations Review,,False,False,,,False,,,,False,0
https://halshs.archives-ouvertes.fr/halshs-03359290,Proceedings of the National Academy of Sciences of the United States of America,0027-8424,True,True,Multidisciplinary (Q1),Q1,True,,,,False,3
https://halshs.archives-ouvertes.fr/halshs-03389630,Actuel Marx,0994-4524,False,False,Philosophy (Q3); Economics and Econometrics (Q4); Sociology and Political Science (Q4),Q3,True,,,,False,1
https://halshs.archives-ouvertes.fr/halshs-03615028,Frontiers in Psychology,,False,False,,,False,,,,False,0
https://halshs.archives-ouvertes.fr/halshs-03641124,Health Policy and Planning,0268-1080,True,False,Health Policy (Q1),Q1,True,4,3,B,True,3
https://hal.archives-ouvertes.fr/hal-03329190,Psychonomic Bulletin and Review,1069-9384,False,False,Arts and Humanities (miscellaneous) (Q1); Developmental and Educational Psychology (Q1); Experimental and Cognitive Psychology (Q1),Q1,True,,,,False,1
