uri_s,MATHSCINET,SCIMAGO,ECONLIT,HCERES
https://halshs.archives-ouvertes.fr/halshs-03330242,False,True,False,False
https://hal-amu.archives-ouvertes.fr/hal-03620348,False,True,True,True
https://hal-sciencespo.archives-ouvertes.fr/hal-03621346,False,False,False,False
https://hal.archives-ouvertes.fr/hal-03233310,False,False,False,False
https://hal.archives-ouvertes.fr/hal-03131121,False,True,True,True
https://hal.archives-ouvertes.fr/hal-03483584,False,True,False,False
https://hal.archives-ouvertes.fr/hal-02877569v4,False,False,False,False
https://hal.archives-ouvertes.fr/hal-03452756,False,False,False,False
https://hal.archives-ouvertes.fr/hal-03503929,False,True,True,True
https://hal.archives-ouvertes.fr/hal-03503937,False,False,False,False
https://hal.archives-ouvertes.fr/hal-03184996,False,True,False,False
https://hal.archives-ouvertes.fr/hal-02367200v3,True,True,True,True
https://hal.archives-ouvertes.fr/hal-03774313,False,True,True,True
https://hal.archives-ouvertes.fr/hal-03594185,True,True,True,True
https://hal.archives-ouvertes.fr/hal-03330856,False,True,True,True
https://hal.archives-ouvertes.fr/hal-03512709,True,True,True,True
https://hal.archives-ouvertes.fr/hal-02866885,False,True,False,True
https://halshs.archives-ouvertes.fr/halshs-03207519,False,False,True,True
https://hal.archives-ouvertes.fr/hal-03436070,False,False,False,False
https://hal.archives-ouvertes.fr/hal-03537459,False,False,False,False
https://hal.archives-ouvertes.fr/hal-03616701,False,True,False,False
https://hal.archives-ouvertes.fr/hal-03154973,False,True,False,False
https://hal-paris1.archives-ouvertes.fr/hal-03346183,False,True,True,True
https://hal.archives-ouvertes.fr/hal-03563327,False,False,False,False
https://hal.archives-ouvertes.fr/hal-03490594,False,True,False,False
https://hal.archives-ouvertes.fr/hal-03490615,False,True,False,False
https://hal.archives-ouvertes.fr/hal-03185526,False,True,False,False
https://hal.archives-ouvertes.fr/hal-03493958,True,True,True,True
https://hal.archives-ouvertes.fr/hal-03268398,False,True,True,True
https://hal.archives-ouvertes.fr/hal-03268525,False,True,True,True
https://hal.archives-ouvertes.fr/hal-03194928,True,True,True,True
https://hal.archives-ouvertes.fr/hal-03647632,False,True,True,True
https://hal.archives-ouvertes.fr/hal-03513560,False,True,True,True
https://hal.archives-ouvertes.fr/hal-03452770,False,False,False,True
https://hal.archives-ouvertes.fr/hal-03680074,True,True,True,True
https://hal.archives-ouvertes.fr/hal-03215411v2,False,True,False,False
https://hal.archives-ouvertes.fr/hal-03747844,False,False,False,False
https://hal.archives-ouvertes.fr/hal-03329211,False,True,False,False
https://hal.archives-ouvertes.fr/hal-03330739,True,True,True,True
https://halshs.archives-ouvertes.fr/halshs-03472910,False,False,False,False
https://halshs.archives-ouvertes.fr/halshs-03214607,False,True,True,True
https://hal-paris1.archives-ouvertes.fr/hal-03526647,False,True,False,False
https://hal.archives-ouvertes.fr/hal-03051879,False,True,True,True
https://hal.archives-ouvertes.fr/hal-02732888,False,True,True,True
https://hal.archives-ouvertes.fr/hal-03353701,False,False,False,False
https://halshs.archives-ouvertes.fr/halshs-01441070v3,False,True,False,False
https://halshs.archives-ouvertes.fr/halshs-03165772,True,True,True,True
https://hal.archives-ouvertes.fr/hal-03281809,False,True,True,True
https://hal.archives-ouvertes.fr/hal-03233309,False,False,False,False
https://halshs.archives-ouvertes.fr/halshs-03312820,False,True,True,True
https://hal.archives-ouvertes.fr/hal-03221433,False,False,False,False
https://halshs.archives-ouvertes.fr/halshs-03454854,False,True,True,True
https://hal.archives-ouvertes.fr/hal-03211401,False,True,True,True
https://hal.archives-ouvertes.fr/hal-03222218,False,True,True,True
https://hal.archives-ouvertes.fr/hal-03503942,False,False,False,False
https://hal.archives-ouvertes.fr/hal-03503979,False,False,False,False
https://hal.archives-ouvertes.fr/hal-03503927,False,False,False,False
https://halshs.archives-ouvertes.fr/halshs-03277342,False,False,False,False
https://halshs.archives-ouvertes.fr/halshs-03443155,False,False,False,False
https://hal.archives-ouvertes.fr/hal-02279033v3,True,True,False,False
https://halshs.archives-ouvertes.fr/halshs-03231532,False,True,True,True
https://halshs.archives-ouvertes.fr/halshs-03197372,False,True,False,False
https://hal-paris1.archives-ouvertes.fr/hal-03102543,False,True,True,True
https://hal.archives-ouvertes.fr/hal-03029555,False,True,False,False
https://hal.archives-ouvertes.fr/hal-03211410,False,True,True,True
https://hal.archives-ouvertes.fr/hal-03722945,False,False,False,False
https://hal-paris1.archives-ouvertes.fr/hal-03235519,False,True,True,True
https://hal.archives-ouvertes.fr/hal-03616218,False,True,True,True
https://hal.archives-ouvertes.fr/hal-03490588,False,True,False,False
https://hal.archives-ouvertes.fr/hal-03511874,False,True,True,True
https://hal.archives-ouvertes.fr/hal-03680071,False,False,False,False
https://hal.archives-ouvertes.fr/hal-03205154,False,True,False,True
https://hal.archives-ouvertes.fr/hal-03603586,True,True,True,True
https://halshs.archives-ouvertes.fr/halshs-03523222,False,True,True,True
https://hal.archives-ouvertes.fr/hal-03770884,True,True,True,True
https://hal.archives-ouvertes.fr/hal-02412741v2,True,True,False,False
https://hal.archives-ouvertes.fr/hal-03153475,False,True,True,True
https://halshs.archives-ouvertes.fr/halshs-03688785,False,True,False,False
https://hal.archives-ouvertes.fr/hal-03448538,True,True,True,False
https://hal.archives-ouvertes.fr/hal-03722920,False,True,True,True
https://hal.archives-ouvertes.fr/hal-02919936,False,True,True,True
https://hal.archives-ouvertes.fr/hal-03474032,False,False,False,False
https://hal.archives-ouvertes.fr/hal-03659322,False,True,True,True
https://hal.archives-ouvertes.fr/hal-03768810,False,True,True,True
https://hal.archives-ouvertes.fr/hal-03218410,False,True,True,True
https://halshs.archives-ouvertes.fr/halshs-02973332,False,True,True,True
https://halshs.archives-ouvertes.fr/halshs-03048602,False,True,True,True
https://hal.archives-ouvertes.fr/hal-03503981,False,False,False,False
https://hal.archives-ouvertes.fr/hal-03503985,False,False,False,False
https://hal.archives-ouvertes.fr/hal-03199108,False,True,True,True
https://halshs.archives-ouvertes.fr/halshs-03744741,False,False,False,False
https://halshs.archives-ouvertes.fr/halshs-03380677,False,False,False,True
https://hal-paris1.archives-ouvertes.fr/hal-03261452,False,True,True,True
https://hal.archives-ouvertes.fr/hal-03384746,False,False,False,False
https://hal.archives-ouvertes.fr/hal-03206929,False,True,True,True
https://hal.archives-ouvertes.fr/hal-03608240,True,True,True,True
https://hal.archives-ouvertes.fr/hal-03211405,False,True,True,True
https://hal-cnrs.archives-ouvertes.fr/hal-03452165,False,True,False,False
https://hal-paris1.archives-ouvertes.fr/hal-03515766,False,True,True,True
https://hal.archives-ouvertes.fr/hal-03515787,False,False,False,False
https://hal.archives-ouvertes.fr/hal-03389540,False,False,False,False
https://hal.archives-ouvertes.fr/hal-03264893,True,True,False,False
https://halshs.archives-ouvertes.fr/halshs-03547789,True,True,True,True
https://hal.archives-ouvertes.fr/hal-03324533,False,False,False,False
https://hal.archives-ouvertes.fr/hal-03722936,False,True,True,True
https://hal.archives-ouvertes.fr/hal-03329206,False,True,False,False
https://hal.archives-ouvertes.fr/hal-03770761,False,True,False,False
https://hal.archives-ouvertes.fr/hal-03647625,False,False,False,True
https://hal.archives-ouvertes.fr/hal-03355464,False,False,False,False
https://hal.archives-ouvertes.fr/hal-03712450,False,True,True,True
https://hal.archives-ouvertes.fr/hal-02920560,True,True,False,False
https://hal.archives-ouvertes.fr/hal-03252585,True,True,True,True
https://halshs.archives-ouvertes.fr/halshs-03099741,False,True,True,True
https://halshs.archives-ouvertes.fr/halshs-03277339,False,True,True,True
https://halshs.archives-ouvertes.fr/halshs-03523343,False,True,False,True
https://halshs.archives-ouvertes.fr/halshs-03282198,False,True,True,True
https://hal-paris1.archives-ouvertes.fr/hal-03526650,False,True,True,True
https://hal.archives-ouvertes.fr/hal-03184961,False,True,False,False
https://hal.archives-ouvertes.fr/hal-03355063,False,False,False,False
https://halshs.archives-ouvertes.fr/halshs-03462781,False,True,False,False
https://hal.archives-ouvertes.fr/hal-03153465,True,True,True,True
https://hal.archives-ouvertes.fr/hal-03205158,False,True,False,False
https://hal.archives-ouvertes.fr/hal-03664502,False,True,True,True
https://halshs.archives-ouvertes.fr/halshs-03666626,False,True,True,True
https://hal.archives-ouvertes.fr/hal-03512676,True,False,False,False
https://hal.archives-ouvertes.fr/hal-03202524,False,False,False,False
https://hal.archives-ouvertes.fr/hal-02948760,False,True,False,False
https://hal.archives-ouvertes.fr/hal-03767916,False,True,True,True
https://hal.archives-ouvertes.fr/hal-03226589,False,True,True,True
https://hal.archives-ouvertes.fr/hal-03503989,False,True,False,False
https://hal.archives-ouvertes.fr/hal-03503945,False,True,False,False
https://hal.archives-ouvertes.fr/hal-03503955,False,True,True,False
https://hal-paris1.archives-ouvertes.fr/hal-03526664,False,True,True,True
https://hal.archives-ouvertes.fr/hal-03131518,False,True,False,False
https://hal.archives-ouvertes.fr/hal-03329203,False,True,True,False
https://halshs.archives-ouvertes.fr/halshs-03335611,False,True,True,True
https://hal.archives-ouvertes.fr/hal-03252557,True,True,True,True
https://hal.archives-ouvertes.fr/hal-03624729,False,True,False,False
https://hal.inrae.fr/hal-03403887,False,True,True,True
https://halshs.archives-ouvertes.fr/halshs-03165773,True,True,True,True
https://halshs.archives-ouvertes.fr/halshs-03507995,False,True,True,True
https://hal.archives-ouvertes.fr/hal-03581013,False,True,False,False
https://hal.archives-ouvertes.fr/hal-03525445,False,True,True,True
https://hal.archives-ouvertes.fr/hal-03605454,False,True,True,True
https://hal.archives-ouvertes.fr/hal-03185523,False,True,False,False
https://hal.archives-ouvertes.fr/hal-03355778,False,False,False,False
https://halshs.archives-ouvertes.fr/halshs-03359290,True,True,True,False
https://halshs.archives-ouvertes.fr/halshs-03389630,False,True,False,False
https://halshs.archives-ouvertes.fr/halshs-03615028,False,False,False,False
https://halshs.archives-ouvertes.fr/halshs-03641124,False,True,True,True
https://hal.archives-ouvertes.fr/hal-03329190,False,True,False,False
