uri_s,journalTitle_s,SCIMAGO_CATEGORIES,CATEGORY,SCIMAGO_JOURNAL_RANKING,CATEGORY_WITHOUT_SJR
Others,Others,Others,Others,Others,Others
https://hal-amu.archives-ouvertes.fr/hal-03620348,Defence and Peace Economics,Economics and Econometrics (Q2); Social Sciences (miscellaneous) (Q2),Economics and Econometrics (Q2),Q2,Economics and Econometrics
https://hal-amu.archives-ouvertes.fr/hal-03620348,Defence and Peace Economics,Economics and Econometrics (Q2); Social Sciences (miscellaneous) (Q2),Social Sciences (miscellaneous) (Q2),Q2,Social Sciences (miscellaneous)
https://hal.archives-ouvertes.fr/hal-03131121,Journal of Financial Econometrics,Economics and Econometrics (Q1); Finance (Q1),Economics and Econometrics (Q1),Q1,Economics and Econometrics
https://hal.archives-ouvertes.fr/hal-03131121,Journal of Financial Econometrics,Economics and Econometrics (Q1); Finance (Q1),Finance (Q1),Q1,Finance
https://hal.archives-ouvertes.fr/hal-03483584,Nature Climate Change,Environmental Science (miscellaneous) (Q1); Social Sciences (miscellaneous) (Q1),Environmental Science (miscellaneous) (Q1),Q1,Environmental Science (miscellaneous)
https://hal.archives-ouvertes.fr/hal-03483584,Nature Climate Change,Environmental Science (miscellaneous) (Q1); Social Sciences (miscellaneous) (Q1),Social Sciences (miscellaneous) (Q1),Q1,Social Sciences (miscellaneous)
https://hal.archives-ouvertes.fr/hal-03503929,Revue de Philosophie Economique / Review of Economic Philosophy,Philosophy (Q3); Economics and Econometrics (Q4); Social Sciences (miscellaneous) (Q4); Sociology and Political Science (Q4),Philosophy (Q3),Q3,Philosophy
https://hal.archives-ouvertes.fr/hal-03503929,Revue de Philosophie Economique / Review of Economic Philosophy,Philosophy (Q3); Economics and Econometrics (Q4); Social Sciences (miscellaneous) (Q4); Sociology and Political Science (Q4),Economics and Econometrics (Q4),Q4,Economics and Econometrics
https://hal.archives-ouvertes.fr/hal-03503929,Revue de Philosophie Economique / Review of Economic Philosophy,Philosophy (Q3); Economics and Econometrics (Q4); Social Sciences (miscellaneous) (Q4); Sociology and Political Science (Q4),Social Sciences (miscellaneous) (Q4),Q4,Social Sciences (miscellaneous)
https://hal.archives-ouvertes.fr/hal-03503929,Revue de Philosophie Economique / Review of Economic Philosophy,Philosophy (Q3); Economics and Econometrics (Q4); Social Sciences (miscellaneous) (Q4); Sociology and Political Science (Q4),Sociology and Political Science (Q4),Q4,Sociology and Political Science
https://hal.archives-ouvertes.fr/hal-03184996,Journal of Experimental Psychology: Human Perception and Performance,Arts and Humanities (miscellaneous) (Q1); Behavioral Neuroscience (Q1); Experimental and Cognitive Psychology (Q1); Medicine (miscellaneous) (Q1),Arts and Humanities (miscellaneous) (Q1),Q1,Arts and Humanities (miscellaneous)
Others,Others,Others,Others,Others,Others
https://hal.archives-ouvertes.fr/hal-03184996,Journal of Experimental Psychology: Human Perception and Performance,Arts and Humanities (miscellaneous) (Q1); Behavioral Neuroscience (Q1); Experimental and Cognitive Psychology (Q1); Medicine (miscellaneous) (Q1),Experimental and Cognitive Psychology (Q1),Q1,Experimental and Cognitive Psychology
https://hal.archives-ouvertes.fr/hal-03184996,Journal of Experimental Psychology: Human Perception and Performance,Arts and Humanities (miscellaneous) (Q1); Behavioral Neuroscience (Q1); Experimental and Cognitive Psychology (Q1); Medicine (miscellaneous) (Q1),Medicine (miscellaneous) (Q1),Q1,Medicine (miscellaneous)
https://hal.archives-ouvertes.fr/hal-02367200v3,Mathematical Finance,Accounting (Q1); Applied Mathematics (Q1); Economics and Econometrics (Q1); Finance (Q1); Social Sciences (miscellaneous) (Q1),Accounting (Q1),Q1,Accounting
https://hal.archives-ouvertes.fr/hal-02367200v3,Mathematical Finance,Accounting (Q1); Applied Mathematics (Q1); Economics and Econometrics (Q1); Finance (Q1); Social Sciences (miscellaneous) (Q1),Applied Mathematics (Q1),Q1,Applied Mathematics
https://hal.archives-ouvertes.fr/hal-02367200v3,Mathematical Finance,Accounting (Q1); Applied Mathematics (Q1); Economics and Econometrics (Q1); Finance (Q1); Social Sciences (miscellaneous) (Q1),Economics and Econometrics (Q1),Q1,Economics and Econometrics
https://hal.archives-ouvertes.fr/hal-02367200v3,Mathematical Finance,Accounting (Q1); Applied Mathematics (Q1); Economics and Econometrics (Q1); Finance (Q1); Social Sciences (miscellaneous) (Q1),Finance (Q1),Q1,Finance
https://hal.archives-ouvertes.fr/hal-02367200v3,Mathematical Finance,Accounting (Q1); Applied Mathematics (Q1); Economics and Econometrics (Q1); Finance (Q1); Social Sciences (miscellaneous) (Q1),Social Sciences (miscellaneous) (Q1),Q1,Social Sciences (miscellaneous)
https://hal.archives-ouvertes.fr/hal-03774313,European Journal of the History of Economic Thought,"Arts and Humanities (miscellaneous) (Q1); Economics, Econometrics and Finance (miscellaneous) (Q1); History and Philosophy of Science (Q1)",Arts and Humanities (miscellaneous) (Q1),Q1,Arts and Humanities (miscellaneous)
https://hal.archives-ouvertes.fr/hal-03774313,European Journal of the History of Economic Thought,"Arts and Humanities (miscellaneous) (Q1); Economics, Econometrics and Finance (miscellaneous) (Q1); History and Philosophy of Science (Q1)","Economics, Econometrics and Finance (miscellaneous) (Q1)",Q1,"Economics, Econometrics and Finance (miscellaneous)"
https://hal.archives-ouvertes.fr/hal-03774313,European Journal of the History of Economic Thought,"Arts and Humanities (miscellaneous) (Q1); Economics, Econometrics and Finance (miscellaneous) (Q1); History and Philosophy of Science (Q1)",History and Philosophy of Science (Q1),Q1,History and Philosophy of Science
https://hal.archives-ouvertes.fr/hal-03594185,Journal of Mathematical Economics,Applied Mathematics (Q2); Economics and Econometrics (Q2),Applied Mathematics (Q2),Q2,Applied Mathematics
https://hal.archives-ouvertes.fr/hal-03594185,Journal of Mathematical Economics,Applied Mathematics (Q2); Economics and Econometrics (Q2),Economics and Econometrics (Q2),Q2,Economics and Econometrics
https://hal.archives-ouvertes.fr/hal-03330856,Journal of Economic Behavior and Organization,Economics and Econometrics (Q1); Organizational Behavior and Human Resource Management (Q1),Economics and Econometrics (Q1),Q1,Economics and Econometrics
https://hal.archives-ouvertes.fr/hal-03330856,Journal of Economic Behavior and Organization,Economics and Econometrics (Q1); Organizational Behavior and Human Resource Management (Q1),Organizational Behavior and Human Resource Management (Q1),Q1,Organizational Behavior and Human Resource Management
https://hal.archives-ouvertes.fr/hal-03512709,Quantitative Finance,"Economics, Econometrics and Finance (miscellaneous) (Q1); Finance (Q1)","Economics, Econometrics and Finance (miscellaneous) (Q1)",Q1,"Economics, Econometrics and Finance (miscellaneous)"
https://hal.archives-ouvertes.fr/hal-03512709,Quantitative Finance,"Economics, Econometrics and Finance (miscellaneous) (Q1); Finance (Q1)",Finance (Q1),Q1,Finance
https://hal.archives-ouvertes.fr/hal-02866885,Energy Systems,Economics and Econometrics (Q2); Energy (miscellaneous) (Q2); Modeling and Simulation (Q2),Economics and Econometrics (Q2),Q2,Economics and Econometrics
Others,Others,Others,Others,Others,Others
https://hal.archives-ouvertes.fr/hal-02866885,Energy Systems,Economics and Econometrics (Q2); Energy (miscellaneous) (Q2); Modeling and Simulation (Q2),Modeling and Simulation (Q2),Q2,Modeling and Simulation
https://hal.archives-ouvertes.fr/hal-03616701,"Environnement, Risques & Santé","Health, Toxicology and Mutagenesis; Public Health, Environmental and Occupational Health","Health, Toxicology and Mutagenesis",,
https://hal.archives-ouvertes.fr/hal-03616701,"Environnement, Risques & Santé","Health, Toxicology and Mutagenesis; Public Health, Environmental and Occupational Health","Public Health, Environmental and Occupational Health",,
https://hal.archives-ouvertes.fr/hal-03154973,Rationality and Society,Social Sciences (miscellaneous) (Q2); Sociology and Political Science (Q2),Social Sciences (miscellaneous) (Q2),Q2,Social Sciences (miscellaneous)
https://hal.archives-ouvertes.fr/hal-03154973,Rationality and Society,Social Sciences (miscellaneous) (Q2); Sociology and Political Science (Q2),Sociology and Political Science (Q2),Q2,Sociology and Political Science
https://hal-paris1.archives-ouvertes.fr/hal-03346183,Cambridge Journal of Economics,Economics and Econometrics (Q1),Economics and Econometrics (Q1),Q1,Economics and Econometrics
Others,Others,Others,Others,Others,Others
Others,Others,Others,Others,Others,Others
Others,Others,Others,Others,Others,Others
Others,Others,Others,Others,Others,Others
https://hal.archives-ouvertes.fr/hal-03490615,"Attention, Perception, and Psychophysics",Linguistics and Language (Q1); Experimental and Cognitive Psychology (Q2); Sensory Systems (Q2),Linguistics and Language (Q1),Q1,Linguistics and Language
https://hal.archives-ouvertes.fr/hal-03490615,"Attention, Perception, and Psychophysics",Linguistics and Language (Q1); Experimental and Cognitive Psychology (Q2); Sensory Systems (Q2),Experimental and Cognitive Psychology (Q2),Q2,Experimental and Cognitive Psychology
Others,Others,Others,Others,Others,Others
https://hal.archives-ouvertes.fr/hal-03185526,Psychonomic Bulletin and Review,Arts and Humanities (miscellaneous) (Q1); Developmental and Educational Psychology (Q1); Experimental and Cognitive Psychology (Q1),Arts and Humanities (miscellaneous) (Q1),Q1,Arts and Humanities (miscellaneous)
https://hal.archives-ouvertes.fr/hal-03185526,Psychonomic Bulletin and Review,Arts and Humanities (miscellaneous) (Q1); Developmental and Educational Psychology (Q1); Experimental and Cognitive Psychology (Q1),Developmental and Educational Psychology (Q1),Q1,Developmental and Educational Psychology
https://hal.archives-ouvertes.fr/hal-03185526,Psychonomic Bulletin and Review,Arts and Humanities (miscellaneous) (Q1); Developmental and Educational Psychology (Q1); Experimental and Cognitive Psychology (Q1),Experimental and Cognitive Psychology (Q1),Q1,Experimental and Cognitive Psychology
https://hal.archives-ouvertes.fr/hal-03493958,Mathematical Social Sciences,"Psychology (miscellaneous) (Q2); Social Sciences (miscellaneous) (Q2); Sociology and Political Science (Q2); Statistics, Probability and Uncertainty (Q3)",Psychology (miscellaneous) (Q2),Q2,Psychology (miscellaneous)
https://hal.archives-ouvertes.fr/hal-03493958,Mathematical Social Sciences,"Psychology (miscellaneous) (Q2); Social Sciences (miscellaneous) (Q2); Sociology and Political Science (Q2); Statistics, Probability and Uncertainty (Q3)",Social Sciences (miscellaneous) (Q2),Q2,Social Sciences (miscellaneous)
https://hal.archives-ouvertes.fr/hal-03493958,Mathematical Social Sciences,"Psychology (miscellaneous) (Q2); Social Sciences (miscellaneous) (Q2); Sociology and Political Science (Q2); Statistics, Probability and Uncertainty (Q3)",Sociology and Political Science (Q2),Q2,Sociology and Political Science
Others,Others,Others,Others,Others,Others
https://hal.archives-ouvertes.fr/hal-03268398,Journal of Economic Behavior and Organization,Economics and Econometrics (Q1); Organizational Behavior and Human Resource Management (Q1),Economics and Econometrics (Q1),Q1,Economics and Econometrics
https://hal.archives-ouvertes.fr/hal-03268398,Journal of Economic Behavior and Organization,Economics and Econometrics (Q1); Organizational Behavior and Human Resource Management (Q1),Organizational Behavior and Human Resource Management (Q1),Q1,Organizational Behavior and Human Resource Management
https://hal.archives-ouvertes.fr/hal-03268525,Journal of Economic Behavior and Organization,Economics and Econometrics (Q1); Organizational Behavior and Human Resource Management (Q1),Economics and Econometrics (Q1),Q1,Economics and Econometrics
https://hal.archives-ouvertes.fr/hal-03268525,Journal of Economic Behavior and Organization,Economics and Econometrics (Q1); Organizational Behavior and Human Resource Management (Q1),Organizational Behavior and Human Resource Management (Q1),Q1,Organizational Behavior and Human Resource Management
https://hal.archives-ouvertes.fr/hal-03194928,Journal of Economic Theory,Economics and Econometrics (Q1),Economics and Econometrics (Q1),Q1,Economics and Econometrics
https://hal.archives-ouvertes.fr/hal-03647632,Economie et Prévision,"Business and International Management (Q4); Economics, Econometrics and Finance (miscellaneous) (Q4)",Business and International Management (Q4),Q4,Business and International Management
https://hal.archives-ouvertes.fr/hal-03647632,Economie et Prévision,"Business and International Management (Q4); Economics, Econometrics and Finance (miscellaneous) (Q4)","Economics, Econometrics and Finance (miscellaneous) (Q4)",Q4,"Economics, Econometrics and Finance (miscellaneous)"
Others,Others,Others,Others,Others,Others
Others,Others,Others,Others,Others,Others
Others,Others,Others,Others,Others,Others
https://hal.archives-ouvertes.fr/hal-03513560,European Journal of Operational Research,Computer Science (miscellaneous) (Q1); Industrial and Manufacturing Engineering (Q1); Information Systems and Management (Q1); Management Science and Operations Research (Q1); Modeling and Simulation (Q1),Management Science and Operations Research (Q1),Q1,Management Science and Operations Research
https://hal.archives-ouvertes.fr/hal-03513560,European Journal of Operational Research,Computer Science (miscellaneous) (Q1); Industrial and Manufacturing Engineering (Q1); Information Systems and Management (Q1); Management Science and Operations Research (Q1); Modeling and Simulation (Q1),Modeling and Simulation (Q1),Q1,Modeling and Simulation
https://hal.archives-ouvertes.fr/hal-03680074,Applied Mathematical Finance,Applied Mathematics (Q2); Finance (Q2),Applied Mathematics (Q2),Q2,Applied Mathematics
https://hal.archives-ouvertes.fr/hal-03680074,Applied Mathematical Finance,Applied Mathematics (Q2); Finance (Q2),Finance (Q2),Q2,Finance
https://hal.archives-ouvertes.fr/hal-03215411v2,Perspectives on Psychological Science,Psychology (miscellaneous) (Q1),Psychology (miscellaneous) (Q1),Q1,Psychology (miscellaneous)
https://hal.archives-ouvertes.fr/hal-03329211,Psychological Review,History and Philosophy of Science (Q1); Psychology (miscellaneous) (Q1),History and Philosophy of Science (Q1),Q1,History and Philosophy of Science
https://hal.archives-ouvertes.fr/hal-03329211,Psychological Review,History and Philosophy of Science (Q1); Psychology (miscellaneous) (Q1),Psychology (miscellaneous) (Q1),Q1,Psychology (miscellaneous)
https://hal.archives-ouvertes.fr/hal-03330739,Journal of Mathematical Economics,Applied Mathematics (Q2); Economics and Econometrics (Q2),Applied Mathematics (Q2),Q2,Applied Mathematics
https://hal.archives-ouvertes.fr/hal-03330739,Journal of Mathematical Economics,Applied Mathematics (Q2); Economics and Econometrics (Q2),Economics and Econometrics (Q2),Q2,Economics and Econometrics
https://halshs.archives-ouvertes.fr/halshs-03214607,Fiscal Studies,Accounting (Q1); Economics and Econometrics (Q1); Finance (Q1),Accounting (Q1),Q1,Accounting
https://halshs.archives-ouvertes.fr/halshs-03214607,Fiscal Studies,Accounting (Q1); Economics and Econometrics (Q1); Finance (Q1),Economics and Econometrics (Q1),Q1,Economics and Econometrics
https://halshs.archives-ouvertes.fr/halshs-03214607,Fiscal Studies,Accounting (Q1); Economics and Econometrics (Q1); Finance (Q1),Finance (Q1),Q1,Finance
https://hal-paris1.archives-ouvertes.fr/hal-03526647,Environmental Research Letters,"Environmental Science (miscellaneous) (Q1); Public Health, Environmental and Occupational Health (Q1); Renewable Energy, Sustainability and the Environment (Q1)",Environmental Science (miscellaneous) (Q1),Q1,Environmental Science (miscellaneous)
Others,Others,Others,Others,Others,Others
Others,Others,Others,Others,Others,Others
https://hal.archives-ouvertes.fr/hal-03051879,Public Choice,Sociology and Political Science (Q1); Economics and Econometrics (Q2),Sociology and Political Science (Q1),Q1,Sociology and Political Science
https://hal.archives-ouvertes.fr/hal-03051879,Public Choice,Sociology and Political Science (Q1); Economics and Econometrics (Q2),Economics and Econometrics (Q2),Q2,Economics and Econometrics
https://hal.archives-ouvertes.fr/hal-02732888,Journal of the Knowledge Economy,Economics and Econometrics (Q3),Economics and Econometrics (Q3),Q3,Economics and Econometrics
https://halshs.archives-ouvertes.fr/halshs-01441070v3,American Economic Journal: Microeconomics,"Economics, Econometrics and Finance (miscellaneous) (Q1)","Economics, Econometrics and Finance (miscellaneous) (Q1)",Q1,"Economics, Econometrics and Finance (miscellaneous)"
https://halshs.archives-ouvertes.fr/halshs-03165772,Journal of Mathematical Economics,Applied Mathematics (Q2); Economics and Econometrics (Q2),Applied Mathematics (Q2),Q2,Applied Mathematics
https://halshs.archives-ouvertes.fr/halshs-03165772,Journal of Mathematical Economics,Applied Mathematics (Q2); Economics and Econometrics (Q2),Economics and Econometrics (Q2),Q2,Economics and Econometrics
https://hal.archives-ouvertes.fr/hal-03281809,Revue Economique,"Economics, Econometrics and Finance (miscellaneous) (Q3)","Economics, Econometrics and Finance (miscellaneous) (Q3)",Q3,"Economics, Econometrics and Finance (miscellaneous)"
https://halshs.archives-ouvertes.fr/halshs-03312820,Comparative Economic Studies,Economics and Econometrics (Q3),Economics and Econometrics (Q3),Q3,Economics and Econometrics
https://halshs.archives-ouvertes.fr/halshs-03454854,Economics and Philosophy,Philosophy (Q1); Economics and Econometrics (Q2),Philosophy (Q1),Q1,Philosophy
https://halshs.archives-ouvertes.fr/halshs-03454854,Economics and Philosophy,Philosophy (Q1); Economics and Econometrics (Q2),Economics and Econometrics (Q2),Q2,Economics and Econometrics
https://hal.archives-ouvertes.fr/hal-03211401,European Economic Review,Economics and Econometrics (Q1); Finance (Q1),Economics and Econometrics (Q1),Q1,Economics and Econometrics
https://hal.archives-ouvertes.fr/hal-03211401,European Economic Review,Economics and Econometrics (Q1); Finance (Q1),Finance (Q1),Q1,Finance
Others,Others,Others,Others,Others,Others
https://hal.archives-ouvertes.fr/hal-03222218,European Journal of Law and Economics,Law (Q2); Business and International Management (Q3); Economics and Econometrics (Q3),Business and International Management (Q3),Q3,Business and International Management
https://hal.archives-ouvertes.fr/hal-03222218,European Journal of Law and Economics,Law (Q2); Business and International Management (Q3); Economics and Econometrics (Q3),Economics and Econometrics (Q3),Q3,Economics and Econometrics
https://hal.archives-ouvertes.fr/hal-02279033v3,Annals of Applied Probability,"Statistics and Probability (Q1); Statistics, Probability and Uncertainty (Q1)",Statistics and Probability (Q1),Q1,Statistics and Probability
Others,Others,Others,Others,Others,Others
https://halshs.archives-ouvertes.fr/halshs-03231532,Public Choice,Sociology and Political Science (Q1); Economics and Econometrics (Q2),Sociology and Political Science (Q1),Q1,Sociology and Political Science
https://halshs.archives-ouvertes.fr/halshs-03231532,Public Choice,Sociology and Political Science (Q1); Economics and Econometrics (Q2),Economics and Econometrics (Q2),Q2,Economics and Econometrics
https://halshs.archives-ouvertes.fr/halshs-03197372,Utilitas,Philosophy (Q1); Sociology and Political Science (Q2),Philosophy (Q1),Q1,Philosophy
https://halshs.archives-ouvertes.fr/halshs-03197372,Utilitas,Philosophy (Q1); Sociology and Political Science (Q2),Sociology and Political Science (Q2),Q2,Sociology and Political Science
https://hal-paris1.archives-ouvertes.fr/hal-03102543,Journal of Economic Behavior and Organization,Economics and Econometrics (Q1); Organizational Behavior and Human Resource Management (Q1),Economics and Econometrics (Q1),Q1,Economics and Econometrics
https://hal-paris1.archives-ouvertes.fr/hal-03102543,Journal of Economic Behavior and Organization,Economics and Econometrics (Q1); Organizational Behavior and Human Resource Management (Q1),Organizational Behavior and Human Resource Management (Q1),Q1,Organizational Behavior and Human Resource Management
https://hal.archives-ouvertes.fr/hal-03029555,"Chaos, Solitons & Fractals",Applied Mathematics (Q1); Mathematics (miscellaneous) (Q1); Physics and Astronomy (miscellaneous) (Q1); Statistical and Nonlinear Physics (Q1),Applied Mathematics (Q1),Q1,Applied Mathematics
Others,Others,Others,Others,Others,Others
Others,Others,Others,Others,Others,Others
Others,Others,Others,Others,Others,Others
https://hal.archives-ouvertes.fr/hal-03211410,The World Economy,Finance (Q1); Political Science and International Relations (Q1); Accounting (Q2); Economics and Econometrics (Q2),Finance (Q1),Q1,Finance
https://hal.archives-ouvertes.fr/hal-03211410,The World Economy,Finance (Q1); Political Science and International Relations (Q1); Accounting (Q2); Economics and Econometrics (Q2),Political Science and International Relations (Q1),Q1,Political Science and International Relations
https://hal.archives-ouvertes.fr/hal-03211410,The World Economy,Finance (Q1); Political Science and International Relations (Q1); Accounting (Q2); Economics and Econometrics (Q2),Accounting (Q2),Q2,Accounting
https://hal.archives-ouvertes.fr/hal-03211410,The World Economy,Finance (Q1); Political Science and International Relations (Q1); Accounting (Q2); Economics and Econometrics (Q2),Economics and Econometrics (Q2),Q2,Economics and Econometrics
https://hal-paris1.archives-ouvertes.fr/hal-03235519,Journal of Economic Behavior and Organization,Economics and Econometrics (Q1); Organizational Behavior and Human Resource Management (Q1),Economics and Econometrics (Q1),Q1,Economics and Econometrics
https://hal-paris1.archives-ouvertes.fr/hal-03235519,Journal of Economic Behavior and Organization,Economics and Econometrics (Q1); Organizational Behavior and Human Resource Management (Q1),Organizational Behavior and Human Resource Management (Q1),Q1,Organizational Behavior and Human Resource Management
https://hal.archives-ouvertes.fr/hal-03616218,Journal of International Economics,Economics and Econometrics (Q1); Finance (Q1),Economics and Econometrics (Q1),Q1,Economics and Econometrics
https://hal.archives-ouvertes.fr/hal-03616218,Journal of International Economics,Economics and Econometrics (Q1); Finance (Q1),Finance (Q1),Q1,Finance
https://hal.archives-ouvertes.fr/hal-03490588,Scientific Reports,Multidisciplinary (Q1),Multidisciplinary (Q1),Q1,Multidisciplinary
https://hal.archives-ouvertes.fr/hal-03511874,Public Choice,Sociology and Political Science (Q1); Economics and Econometrics (Q2),Sociology and Political Science (Q1),Q1,Sociology and Political Science
https://hal.archives-ouvertes.fr/hal-03511874,Public Choice,Sociology and Political Science (Q1); Economics and Econometrics (Q2),Economics and Econometrics (Q2),Q2,Economics and Econometrics
https://hal.archives-ouvertes.fr/hal-03205154,Finance Research Letters,Finance (Q1),Finance (Q1),Q1,Finance
https://hal.archives-ouvertes.fr/hal-03603586,Journal of Mathematical Economics,Applied Mathematics (Q2); Economics and Econometrics (Q2),Applied Mathematics (Q2),Q2,Applied Mathematics
https://hal.archives-ouvertes.fr/hal-03603586,Journal of Mathematical Economics,Applied Mathematics (Q2); Economics and Econometrics (Q2),Economics and Econometrics (Q2),Q2,Economics and Econometrics
https://halshs.archives-ouvertes.fr/halshs-03523222,Economic Theory,Economics and Econometrics (Q1),Economics and Econometrics (Q1),Q1,Economics and Econometrics
Others,Others,Others,Others,Others,Others
https://hal.archives-ouvertes.fr/hal-03770884,Operations Research,Computer Science Applications (Q1); Management Science and Operations Research (Q1),Management Science and Operations Research (Q1),Q1,Management Science and Operations Research
https://hal.archives-ouvertes.fr/hal-02412741v2,Bernoulli,Statistics and Probability (Q1),Statistics and Probability (Q1),Q1,Statistics and Probability
Others,Others,Others,Others,Others,Others
Others,Others,Others,Others,Others,Others
Others,Others,Others,Others,Others,Others
https://hal.archives-ouvertes.fr/hal-03153475,European Journal of Operational Research,Computer Science (miscellaneous) (Q1); Industrial and Manufacturing Engineering (Q1); Information Systems and Management (Q1); Management Science and Operations Research (Q1); Modeling and Simulation (Q1),Management Science and Operations Research (Q1),Q1,Management Science and Operations Research
https://hal.archives-ouvertes.fr/hal-03153475,European Journal of Operational Research,Computer Science (miscellaneous) (Q1); Industrial and Manufacturing Engineering (Q1); Information Systems and Management (Q1); Management Science and Operations Research (Q1); Modeling and Simulation (Q1),Modeling and Simulation (Q1),Q1,Modeling and Simulation
Others,Others,Others,Others,Others,Others
Others,Others,Others,Others,Others,Others
https://halshs.archives-ouvertes.fr/halshs-03688785,Physical Review E,Condensed Matter Physics (Q1); Statistical and Nonlinear Physics (Q2); Statistics and Probability (Q2),Statistics and Probability (Q2),Q2,Statistics and Probability
https://hal.archives-ouvertes.fr/hal-03448538,Proceedings of the National Academy of Sciences of the United States of America,Multidisciplinary (Q1),Multidisciplinary (Q1),Q1,Multidisciplinary
https://hal.archives-ouvertes.fr/hal-03722920,Economic Theory,Economics and Econometrics (Q1),Economics and Econometrics (Q1),Q1,Economics and Econometrics
https://hal.archives-ouvertes.fr/hal-02919936,Public Choice,Sociology and Political Science (Q1); Economics and Econometrics (Q2),Sociology and Political Science (Q1),Q1,Sociology and Political Science
https://hal.archives-ouvertes.fr/hal-02919936,Public Choice,Sociology and Political Science (Q1); Economics and Econometrics (Q2),Economics and Econometrics (Q2),Q2,Economics and Econometrics
Others,Others,Others,Others,Others,Others
https://hal.archives-ouvertes.fr/hal-03659322,History of Political Economy,History (Q1); Economics and Econometrics (Q3),Economics and Econometrics (Q3),Q3,Economics and Econometrics
https://hal.archives-ouvertes.fr/hal-03768810,The Journal of Development Studies,Development (Q1),Development (Q1),Q1,Development
https://hal.archives-ouvertes.fr/hal-03218410,Metroeconomica,Economics and Econometrics (Q2),Economics and Econometrics (Q2),Q2,Economics and Econometrics
Others,Others,Others,Others,Others,Others
Others,Others,Others,Others,Others,Others
https://halshs.archives-ouvertes.fr/halshs-02973332,Research Policy,Engineering (miscellaneous) (Q1); Management of Technology and Innovation (Q1); Management Science and Operations Research (Q1); Strategy and Management (Q1),Management Science and Operations Research (Q1),Q1,Management Science and Operations Research
https://halshs.archives-ouvertes.fr/halshs-02973332,Research Policy,Engineering (miscellaneous) (Q1); Management of Technology and Innovation (Q1); Management Science and Operations Research (Q1); Strategy and Management (Q1),Strategy and Management (Q1),Q1,Strategy and Management
https://halshs.archives-ouvertes.fr/halshs-03048602,Ecological Economics,Economics and Econometrics (Q1); Environmental Science (miscellaneous) (Q1),Economics and Econometrics (Q1),Q1,Economics and Econometrics
https://halshs.archives-ouvertes.fr/halshs-03048602,Ecological Economics,Economics and Econometrics (Q1); Environmental Science (miscellaneous) (Q1),Environmental Science (miscellaneous) (Q1),Q1,Environmental Science (miscellaneous)
https://hal.archives-ouvertes.fr/hal-03199108,Review of World Economics,"Economics, Econometrics and Finance (miscellaneous) (Q1)","Economics, Econometrics and Finance (miscellaneous) (Q1)",Q1,"Economics, Econometrics and Finance (miscellaneous)"
https://hal-paris1.archives-ouvertes.fr/hal-03261452,Journal of Economic Methodology,"Economics, Econometrics and Finance (miscellaneous) (Q1)","Economics, Econometrics and Finance (miscellaneous) (Q1)",Q1,"Economics, Econometrics and Finance (miscellaneous)"
https://hal.archives-ouvertes.fr/hal-03206929,Public Choice,Sociology and Political Science (Q1); Economics and Econometrics (Q2),Sociology and Political Science (Q1),Q1,Sociology and Political Science
https://hal.archives-ouvertes.fr/hal-03206929,Public Choice,Sociology and Political Science (Q1); Economics and Econometrics (Q2),Economics and Econometrics (Q2),Q2,Economics and Econometrics
https://hal.archives-ouvertes.fr/hal-03608240,Social Choice and Welfare,Social Sciences (miscellaneous) (Q1); Economics and Econometrics (Q2),Social Sciences (miscellaneous) (Q1),Q1,Social Sciences (miscellaneous)
https://hal.archives-ouvertes.fr/hal-03608240,Social Choice and Welfare,Social Sciences (miscellaneous) (Q1); Economics and Econometrics (Q2),Economics and Econometrics (Q2),Q2,Economics and Econometrics
https://hal.archives-ouvertes.fr/hal-03211405,Journal of Development Economics,Development (Q1); Economics and Econometrics (Q1),Development (Q1),Q1,Development
https://hal.archives-ouvertes.fr/hal-03211405,Journal of Development Economics,Development (Q1); Economics and Econometrics (Q1),Economics and Econometrics (Q1),Q1,Economics and Econometrics
https://hal-cnrs.archives-ouvertes.fr/hal-03452165,Psychological Review,History and Philosophy of Science (Q1); Psychology (miscellaneous) (Q1),History and Philosophy of Science (Q1),Q1,History and Philosophy of Science
https://hal-cnrs.archives-ouvertes.fr/hal-03452165,Psychological Review,History and Philosophy of Science (Q1); Psychology (miscellaneous) (Q1),Psychology (miscellaneous) (Q1),Q1,Psychology (miscellaneous)
https://hal-paris1.archives-ouvertes.fr/hal-03515766,Journal of Economic Behavior and Organization,Economics and Econometrics (Q1); Organizational Behavior and Human Resource Management (Q1),Economics and Econometrics (Q1),Q1,Economics and Econometrics
https://hal-paris1.archives-ouvertes.fr/hal-03515766,Journal of Economic Behavior and Organization,Economics and Econometrics (Q1); Organizational Behavior and Human Resource Management (Q1),Organizational Behavior and Human Resource Management (Q1),Q1,Organizational Behavior and Human Resource Management
https://hal.archives-ouvertes.fr/hal-03264893,SIAM Journal on Control and Optimization,Applied Mathematics (Q1); Control and Optimization (Q1),Applied Mathematics (Q1),Q1,Applied Mathematics
https://hal.archives-ouvertes.fr/hal-03264893,SIAM Journal on Control and Optimization,Applied Mathematics (Q1); Control and Optimization (Q1),Control and Optimization (Q1),Q1,Control and Optimization
https://halshs.archives-ouvertes.fr/halshs-03547789,Journal of Economic Theory,Economics and Econometrics (Q1),Economics and Econometrics (Q1),Q1,Economics and Econometrics
https://hal.archives-ouvertes.fr/hal-03722936,Theory and Decision,"Economics, Econometrics and Finance (miscellaneous) (Q1); Arts and Humanities (miscellaneous) (Q2); Decision Sciences (miscellaneous) (Q2); Social Sciences (miscellaneous) (Q2); Applied Psychology (Q3); Computer Science Applications (Q3); Developmental and Educational Psychology (Q3)","Economics, Econometrics and Finance (miscellaneous) (Q1)",Q1,"Economics, Econometrics and Finance (miscellaneous)"
https://hal.archives-ouvertes.fr/hal-03722936,Theory and Decision,"Economics, Econometrics and Finance (miscellaneous) (Q1); Arts and Humanities (miscellaneous) (Q2); Decision Sciences (miscellaneous) (Q2); Social Sciences (miscellaneous) (Q2); Applied Psychology (Q3); Computer Science Applications (Q3); Developmental and Educational Psychology (Q3)",Arts and Humanities (miscellaneous) (Q2),Q2,Arts and Humanities (miscellaneous)
Others,Others,Others,Others,Others,Others
https://hal.archives-ouvertes.fr/hal-03722936,Theory and Decision,"Economics, Econometrics and Finance (miscellaneous) (Q1); Arts and Humanities (miscellaneous) (Q2); Decision Sciences (miscellaneous) (Q2); Social Sciences (miscellaneous) (Q2); Applied Psychology (Q3); Computer Science Applications (Q3); Developmental and Educational Psychology (Q3)",Social Sciences (miscellaneous) (Q2),Q2,Social Sciences (miscellaneous)
Others,Others,Others,Others,Others,Others
Others,Others,Others,Others,Others,Others
https://hal.archives-ouvertes.fr/hal-03722936,Theory and Decision,"Economics, Econometrics and Finance (miscellaneous) (Q1); Arts and Humanities (miscellaneous) (Q2); Decision Sciences (miscellaneous) (Q2); Social Sciences (miscellaneous) (Q2); Applied Psychology (Q3); Computer Science Applications (Q3); Developmental and Educational Psychology (Q3)",Developmental and Educational Psychology (Q3),Q3,Developmental and Educational Psychology
Others,Others,Others,Others,Others,Others
https://hal.archives-ouvertes.fr/hal-03329206,Cognition,Cognitive Neuroscience (Q1); Developmental and Educational Psychology (Q1); Experimental and Cognitive Psychology (Q1); Linguistics and Language (Q1),Developmental and Educational Psychology (Q1),Q1,Developmental and Educational Psychology
https://hal.archives-ouvertes.fr/hal-03329206,Cognition,Cognitive Neuroscience (Q1); Developmental and Educational Psychology (Q1); Experimental and Cognitive Psychology (Q1); Linguistics and Language (Q1),Experimental and Cognitive Psychology (Q1),Q1,Experimental and Cognitive Psychology
https://hal.archives-ouvertes.fr/hal-03329206,Cognition,Cognitive Neuroscience (Q1); Developmental and Educational Psychology (Q1); Experimental and Cognitive Psychology (Q1); Linguistics and Language (Q1),Linguistics and Language (Q1),Q1,Linguistics and Language
https://hal.archives-ouvertes.fr/hal-03770761,Journal of Experimental Psychology: Human Perception and Performance,Arts and Humanities (miscellaneous) (Q1); Behavioral Neuroscience (Q1); Experimental and Cognitive Psychology (Q1); Medicine (miscellaneous) (Q1),Arts and Humanities (miscellaneous) (Q1),Q1,Arts and Humanities (miscellaneous)
Others,Others,Others,Others,Others,Others
https://hal.archives-ouvertes.fr/hal-03770761,Journal of Experimental Psychology: Human Perception and Performance,Arts and Humanities (miscellaneous) (Q1); Behavioral Neuroscience (Q1); Experimental and Cognitive Psychology (Q1); Medicine (miscellaneous) (Q1),Experimental and Cognitive Psychology (Q1),Q1,Experimental and Cognitive Psychology
https://hal.archives-ouvertes.fr/hal-03770761,Journal of Experimental Psychology: Human Perception and Performance,Arts and Humanities (miscellaneous) (Q1); Behavioral Neuroscience (Q1); Experimental and Cognitive Psychology (Q1); Medicine (miscellaneous) (Q1),Medicine (miscellaneous) (Q1),Q1,Medicine (miscellaneous)
https://hal.archives-ouvertes.fr/hal-03712450,Journal of Economic Behavior and Organization,Economics and Econometrics (Q1); Organizational Behavior and Human Resource Management (Q1),Economics and Econometrics (Q1),Q1,Economics and Econometrics
https://hal.archives-ouvertes.fr/hal-03712450,Journal of Economic Behavior and Organization,Economics and Econometrics (Q1); Organizational Behavior and Human Resource Management (Q1),Organizational Behavior and Human Resource Management (Q1),Q1,Organizational Behavior and Human Resource Management
https://hal.archives-ouvertes.fr/hal-02920560,SIAM Journal on Control and Optimization,Applied Mathematics (Q1); Control and Optimization (Q1),Applied Mathematics (Q1),Q1,Applied Mathematics
https://hal.archives-ouvertes.fr/hal-02920560,SIAM Journal on Control and Optimization,Applied Mathematics (Q1); Control and Optimization (Q1),Control and Optimization (Q1),Q1,Control and Optimization
https://hal.archives-ouvertes.fr/hal-03252585,Quantitative Finance,"Economics, Econometrics and Finance (miscellaneous) (Q1); Finance (Q1)","Economics, Econometrics and Finance (miscellaneous) (Q1)",Q1,"Economics, Econometrics and Finance (miscellaneous)"
https://hal.archives-ouvertes.fr/hal-03252585,Quantitative Finance,"Economics, Econometrics and Finance (miscellaneous) (Q1); Finance (Q1)",Finance (Q1),Q1,Finance
https://halshs.archives-ouvertes.fr/halshs-03099741,European Economic Review,Economics and Econometrics (Q1); Finance (Q1),Economics and Econometrics (Q1),Q1,Economics and Econometrics
https://halshs.archives-ouvertes.fr/halshs-03099741,European Economic Review,Economics and Econometrics (Q1); Finance (Q1),Finance (Q1),Q1,Finance
Others,Others,Others,Others,Others,Others
https://halshs.archives-ouvertes.fr/halshs-03277339,International Review of Law and Economics,Law (Q1); Finance (Q2); Economics and Econometrics (Q3),Finance (Q2),Q2,Finance
https://halshs.archives-ouvertes.fr/halshs-03277339,International Review of Law and Economics,Law (Q1); Finance (Q2); Economics and Econometrics (Q3),Economics and Econometrics (Q3),Q3,Economics and Econometrics
Others,Others,Others,Others,Others,Others
Others,Others,Others,Others,Others,Others
https://halshs.archives-ouvertes.fr/halshs-03282198,Economics and Philosophy,Philosophy (Q1); Economics and Econometrics (Q2),Philosophy (Q1),Q1,Philosophy
https://halshs.archives-ouvertes.fr/halshs-03282198,Economics and Philosophy,Philosophy (Q1); Economics and Econometrics (Q2),Economics and Econometrics (Q2),Q2,Economics and Econometrics
Others,Others,Others,Others,Others,Others
https://hal-paris1.archives-ouvertes.fr/hal-03526650,Journal of portfolio management,"Business, Management and Accounting (miscellaneous) (Q1); Accounting (Q2); Economics and Econometrics (Q2); Finance (Q2)",Accounting (Q2),Q2,Accounting
https://hal-paris1.archives-ouvertes.fr/hal-03526650,Journal of portfolio management,"Business, Management and Accounting (miscellaneous) (Q1); Accounting (Q2); Economics and Econometrics (Q2); Finance (Q2)",Economics and Econometrics (Q2),Q2,Economics and Econometrics
https://hal-paris1.archives-ouvertes.fr/hal-03526650,Journal of portfolio management,"Business, Management and Accounting (miscellaneous) (Q1); Accounting (Q2); Economics and Econometrics (Q2); Finance (Q2)",Finance (Q2),Q2,Finance
Others,Others,Others,Others,Others,Others
Others,Others,Others,Others,Others,Others
https://halshs.archives-ouvertes.fr/halshs-03462781,Nature Climate Change,Environmental Science (miscellaneous) (Q1); Social Sciences (miscellaneous) (Q1),Environmental Science (miscellaneous) (Q1),Q1,Environmental Science (miscellaneous)
https://halshs.archives-ouvertes.fr/halshs-03462781,Nature Climate Change,Environmental Science (miscellaneous) (Q1); Social Sciences (miscellaneous) (Q1),Social Sciences (miscellaneous) (Q1),Q1,Social Sciences (miscellaneous)
https://hal.archives-ouvertes.fr/hal-03153465,Social Choice and Welfare,Social Sciences (miscellaneous) (Q1); Economics and Econometrics (Q2),Social Sciences (miscellaneous) (Q1),Q1,Social Sciences (miscellaneous)
https://hal.archives-ouvertes.fr/hal-03153465,Social Choice and Welfare,Social Sciences (miscellaneous) (Q1); Economics and Econometrics (Q2),Economics and Econometrics (Q2),Q2,Economics and Econometrics
https://hal.archives-ouvertes.fr/hal-03205158,PLoS ONE,Multidisciplinary (Q1),Multidisciplinary (Q1),Q1,Multidisciplinary
Others,Others,Others,Others,Others,Others
https://halshs.archives-ouvertes.fr/halshs-03666626,Environmental and Resource Economics,"Economics and Econometrics (Q1); Management, Monitoring, Policy and Law (Q1)",Economics and Econometrics (Q1),Q1,Economics and Econometrics
Others,Others,Others,Others,Others,Others
Others,Others,Others,Others,Others,Others
https://hal.archives-ouvertes.fr/hal-02948760,Journal of Psychiatry and Neuroscience,Biological Psychiatry (Q1); Medicine (miscellaneous) (Q1); Pharmacology (medical) (Q1); Psychiatry and Mental Health (Q1),Medicine (miscellaneous) (Q1),Q1,Medicine (miscellaneous)
Others,Others,Others,Others,Others,Others
Others,Others,Others,Others,Others,Others
https://hal.archives-ouvertes.fr/hal-03767916,World Development,"Development (Q1); Economics and Econometrics (Q1); Geography, Planning and Development (Q1); Sociology and Political Science (Q1)",Development (Q1),Q1,Development
https://hal.archives-ouvertes.fr/hal-03767916,World Development,"Development (Q1); Economics and Econometrics (Q1); Geography, Planning and Development (Q1); Sociology and Political Science (Q1)",Economics and Econometrics (Q1),Q1,Economics and Econometrics
Others,Others,Others,Others,Others,Others
https://hal.archives-ouvertes.fr/hal-03767916,World Development,"Development (Q1); Economics and Econometrics (Q1); Geography, Planning and Development (Q1); Sociology and Political Science (Q1)",Sociology and Political Science (Q1),Q1,Sociology and Political Science
https://hal.archives-ouvertes.fr/hal-03226589,Journal of Economic Methodology,"Economics, Econometrics and Finance (miscellaneous) (Q1)","Economics, Econometrics and Finance (miscellaneous) (Q1)",Q1,"Economics, Econometrics and Finance (miscellaneous)"
Others,Others,Others,Others,Others,Others
https://hal.archives-ouvertes.fr/hal-03503989,International Journal of Cuban Studies,Cultural Studies (Q2); Political Science and International Relations (Q3); Sociology and Political Science (Q3),Political Science and International Relations (Q3),Q3,Political Science and International Relations
https://hal.archives-ouvertes.fr/hal-03503989,International Journal of Cuban Studies,Cultural Studies (Q2); Political Science and International Relations (Q3); Sociology and Political Science (Q3),Sociology and Political Science (Q3),Q3,Sociology and Political Science
Others,Others,Others,Others,Others,Others
Others,Others,Others,Others,Others,Others
https://hal.archives-ouvertes.fr/hal-03503945,Monthly review,"Gender Studies (Q2); Geography, Planning and Development (Q2); Sociology and Political Science (Q2); Management, Monitoring, Policy and Law (Q3)",Sociology and Political Science (Q2),Q2,Sociology and Political Science
Others,Others,Others,Others,Others,Others
https://hal.archives-ouvertes.fr/hal-03503955,El Trimestre Economico,Economics and Econometrics (Q4),Economics and Econometrics (Q4),Q4,Economics and Econometrics
https://hal-paris1.archives-ouvertes.fr/hal-03526664,Revue Française de Gestion,Business and International Management (Q3); Economics and Econometrics (Q4); Strategy and Management (Q4),Business and International Management (Q3),Q3,Business and International Management
https://hal-paris1.archives-ouvertes.fr/hal-03526664,Revue Française de Gestion,Business and International Management (Q3); Economics and Econometrics (Q4); Strategy and Management (Q4),Economics and Econometrics (Q4),Q4,Economics and Econometrics
https://hal-paris1.archives-ouvertes.fr/hal-03526664,Revue Française de Gestion,Business and International Management (Q3); Economics and Econometrics (Q4); Strategy and Management (Q4),Strategy and Management (Q4),Q4,Strategy and Management
https://hal.archives-ouvertes.fr/hal-03131518,PLoS ONE,Multidisciplinary (Q1),Multidisciplinary (Q1),Q1,Multidisciplinary
Others,Others,Others,Others,Others,Others
Others,Others,Others,Others,Others,Others
https://hal.archives-ouvertes.fr/hal-03329203,Judgment and Decision Making,Decision Sciences (miscellaneous) (Q1); Applied Psychology (Q2); Economics and Econometrics (Q2),Economics and Econometrics (Q2),Q2,Economics and Econometrics
Others,Others,Others,Others,Others,Others
https://halshs.archives-ouvertes.fr/halshs-03335611,Journal of Population Economics,Demography (Q1); Economics and Econometrics (Q1),Economics and Econometrics (Q1),Q1,Economics and Econometrics
https://hal.archives-ouvertes.fr/hal-03252557,Mathematical Finance,Accounting (Q1); Applied Mathematics (Q1); Economics and Econometrics (Q1); Finance (Q1); Social Sciences (miscellaneous) (Q1),Accounting (Q1),Q1,Accounting
https://hal.archives-ouvertes.fr/hal-03252557,Mathematical Finance,Accounting (Q1); Applied Mathematics (Q1); Economics and Econometrics (Q1); Finance (Q1); Social Sciences (miscellaneous) (Q1),Applied Mathematics (Q1),Q1,Applied Mathematics
https://hal.archives-ouvertes.fr/hal-03252557,Mathematical Finance,Accounting (Q1); Applied Mathematics (Q1); Economics and Econometrics (Q1); Finance (Q1); Social Sciences (miscellaneous) (Q1),Economics and Econometrics (Q1),Q1,Economics and Econometrics
https://hal.archives-ouvertes.fr/hal-03252557,Mathematical Finance,Accounting (Q1); Applied Mathematics (Q1); Economics and Econometrics (Q1); Finance (Q1); Social Sciences (miscellaneous) (Q1),Finance (Q1),Q1,Finance
https://hal.archives-ouvertes.fr/hal-03252557,Mathematical Finance,Accounting (Q1); Applied Mathematics (Q1); Economics and Econometrics (Q1); Finance (Q1); Social Sciences (miscellaneous) (Q1),Social Sciences (miscellaneous) (Q1),Q1,Social Sciences (miscellaneous)
https://hal.archives-ouvertes.fr/hal-03624729,PS: Political Science and Politics,Sociology and Political Science (Q1),Sociology and Political Science (Q1),Q1,Sociology and Political Science
https://hal.inrae.fr/hal-03403887,European Economic Review,Economics and Econometrics (Q1); Finance (Q1),Economics and Econometrics (Q1),Q1,Economics and Econometrics
https://hal.inrae.fr/hal-03403887,European Economic Review,Economics and Econometrics (Q1); Finance (Q1),Finance (Q1),Q1,Finance
https://halshs.archives-ouvertes.fr/halshs-03165773,Journal of Economic Dynamics and Control,Applied Mathematics (Q1); Control and Optimization (Q1); Economics and Econometrics (Q1),Applied Mathematics (Q1),Q1,Applied Mathematics
https://halshs.archives-ouvertes.fr/halshs-03165773,Journal of Economic Dynamics and Control,Applied Mathematics (Q1); Control and Optimization (Q1); Economics and Econometrics (Q1),Control and Optimization (Q1),Q1,Control and Optimization
https://halshs.archives-ouvertes.fr/halshs-03165773,Journal of Economic Dynamics and Control,Applied Mathematics (Q1); Control and Optimization (Q1); Economics and Econometrics (Q1),Economics and Econometrics (Q1),Q1,Economics and Econometrics
https://halshs.archives-ouvertes.fr/halshs-03507995,Management Science,Management Science and Operations Research (Q1); Strategy and Management (Q1),Management Science and Operations Research (Q1),Q1,Management Science and Operations Research
https://halshs.archives-ouvertes.fr/halshs-03507995,Management Science,Management Science and Operations Research (Q1); Strategy and Management (Q1),Strategy and Management (Q1),Q1,Strategy and Management
Others,Others,Others,Others,Others,Others
https://hal.archives-ouvertes.fr/hal-03581013,Journal of Experimental Psychology: General,Developmental Neuroscience (Q1); Experimental and Cognitive Psychology (Q1); Medicine (miscellaneous) (Q1); Psychology (miscellaneous) (Q1),Experimental and Cognitive Psychology (Q1),Q1,Experimental and Cognitive Psychology
https://hal.archives-ouvertes.fr/hal-03581013,Journal of Experimental Psychology: General,Developmental Neuroscience (Q1); Experimental and Cognitive Psychology (Q1); Medicine (miscellaneous) (Q1); Psychology (miscellaneous) (Q1),Medicine (miscellaneous) (Q1),Q1,Medicine (miscellaneous)
https://hal.archives-ouvertes.fr/hal-03581013,Journal of Experimental Psychology: General,Developmental Neuroscience (Q1); Experimental and Cognitive Psychology (Q1); Medicine (miscellaneous) (Q1); Psychology (miscellaneous) (Q1),Psychology (miscellaneous) (Q1),Q1,Psychology (miscellaneous)
https://hal.archives-ouvertes.fr/hal-03525445,Journal of Economic Behavior and Organization,Economics and Econometrics (Q1); Organizational Behavior and Human Resource Management (Q1),Economics and Econometrics (Q1),Q1,Economics and Econometrics
https://hal.archives-ouvertes.fr/hal-03525445,Journal of Economic Behavior and Organization,Economics and Econometrics (Q1); Organizational Behavior and Human Resource Management (Q1),Organizational Behavior and Human Resource Management (Q1),Q1,Organizational Behavior and Human Resource Management
https://hal.archives-ouvertes.fr/hal-03605454,Revue d'Economie Politique,Political Science and International Relations (Q3),Political Science and International Relations (Q3),Q3,Political Science and International Relations
https://hal.archives-ouvertes.fr/hal-03185523,"Attention, Perception, and Psychophysics",Linguistics and Language (Q1); Experimental and Cognitive Psychology (Q2); Sensory Systems (Q2),Linguistics and Language (Q1),Q1,Linguistics and Language
https://hal.archives-ouvertes.fr/hal-03185523,"Attention, Perception, and Psychophysics",Linguistics and Language (Q1); Experimental and Cognitive Psychology (Q2); Sensory Systems (Q2),Experimental and Cognitive Psychology (Q2),Q2,Experimental and Cognitive Psychology
Others,Others,Others,Others,Others,Others
https://halshs.archives-ouvertes.fr/halshs-03359290,Proceedings of the National Academy of Sciences of the United States of America,Multidisciplinary (Q1),Multidisciplinary (Q1),Q1,Multidisciplinary
https://halshs.archives-ouvertes.fr/halshs-03389630,Actuel Marx,Philosophy (Q3); Economics and Econometrics (Q4); Sociology and Political Science (Q4),Philosophy (Q3),Q3,Philosophy
https://halshs.archives-ouvertes.fr/halshs-03389630,Actuel Marx,Philosophy (Q3); Economics and Econometrics (Q4); Sociology and Political Science (Q4),Economics and Econometrics (Q4),Q4,Economics and Econometrics
https://halshs.archives-ouvertes.fr/halshs-03389630,Actuel Marx,Philosophy (Q3); Economics and Econometrics (Q4); Sociology and Political Science (Q4),Sociology and Political Science (Q4),Q4,Sociology and Political Science
Others,Others,Others,Others,Others,Others
https://hal.archives-ouvertes.fr/hal-03329190,Psychonomic Bulletin and Review,Arts and Humanities (miscellaneous) (Q1); Developmental and Educational Psychology (Q1); Experimental and Cognitive Psychology (Q1),Arts and Humanities (miscellaneous) (Q1),Q1,Arts and Humanities (miscellaneous)
https://hal.archives-ouvertes.fr/hal-03329190,Psychonomic Bulletin and Review,Arts and Humanities (miscellaneous) (Q1); Developmental and Educational Psychology (Q1); Experimental and Cognitive Psychology (Q1),Developmental and Educational Psychology (Q1),Q1,Developmental and Educational Psychology
https://hal.archives-ouvertes.fr/hal-03329190,Psychonomic Bulletin and Review,Arts and Humanities (miscellaneous) (Q1); Developmental and Educational Psychology (Q1); Experimental and Cognitive Psychology (Q1),Experimental and Cognitive Psychology (Q1),Q1,Experimental and Cognitive Psychology
