,0
label_s,151
openAccess_bool,151
journalTitle_s,151
journalIssn_s,133
authLastName_s,151
authFirstName_s,151
authFullName_s,151
authIdFullName_fs,151
authIdHasPrimaryStructure_fs,151
authIdHasStructure_fs,151
instStructName_s,151
instStructCountry_s,151
labStructAcronym_s,151
contributorFullName_s,151
language_s,151
uri_s,151
keyword_s,91
anrProjectTitle_s,28
anrProjectAcronym_s,28
anrProjectReference_s,28
authIdHal_i,123
funding_s,24
files_s,63
authStructId_i,56
jel_s,66
europeanProjectAcronym_s,6
europeanProjectReference_s,6
